date,year,state,notifications
2008-01-04,2008,Vic,2
2008-01-04,2008,Qld,9
2008-01-04,2008,WA,8
2008-01-04,2008,NT,2
2008-01-11,2008,NSW,4
2008-01-11,2008,Vic,1
2008-01-11,2008,Qld,11
2008-01-11,2008,WA,4
2008-01-18,2008,NSW,3
2008-01-18,2008,Vic,3
2008-01-18,2008,Qld,17
2008-01-18,2008,WA,7
2008-01-18,2008,Tas,1
2008-01-18,2008,ACT,1
2008-01-18,2008,NT,2
2008-01-25,2008,NSW,5
2008-01-25,2008,Vic,4
2008-01-25,2008,Qld,8
2008-01-25,2008,WA,4
2008-01-25,2008,Tas,1
2008-01-25,2008,NT,1
2008-02-01,2008,NSW,3
2008-02-01,2008,Vic,3
2008-02-01,2008,Qld,10
2008-02-01,2008,WA,3
2008-02-01,2008,ACT,2
2008-02-01,2008,NT,1
2008-02-08,2008,NSW,7
2008-02-08,2008,Vic,2
2008-02-08,2008,Qld,13
2008-02-08,2008,WA,3
2008-02-08,2008,Tas,1
2008-02-08,2008,NT,1
2008-02-15,2008,NSW,5
2008-02-15,2008,Qld,26
2008-02-15,2008,WA,2
2008-02-15,2008,ACT,2
2008-02-15,2008,NT,4
2008-02-22,2008,NSW,5
2008-02-22,2008,Vic,1
2008-02-22,2008,Qld,21
2008-02-22,2008,WA,3
2008-02-22,2008,ACT,3
2008-02-22,2008,NT,3
2008-02-29,2008,NSW,7
2008-02-29,2008,Vic,1
2008-02-29,2008,Qld,19
2008-02-29,2008,WA,2
2008-02-29,2008,ACT,3
2008-02-29,2008,NT,5
2008-03-07,2008,NSW,9
2008-03-07,2008,Vic,4
2008-03-07,2008,Qld,19
2008-03-07,2008,WA,6
2008-03-07,2008,Tas,2
2008-03-07,2008,ACT,3
2008-03-07,2008,NT,7
2008-03-14,2008,NSW,12
2008-03-14,2008,Vic,4
2008-03-14,2008,Qld,21
2008-03-14,2008,WA,4
2008-03-14,2008,NT,1
2008-03-21,2008,NSW,6
2008-03-21,2008,Vic,1
2008-03-21,2008,Qld,15
2008-03-21,2008,WA,5
2008-03-21,2008,ACT,3
2008-03-21,2008,NT,1
2008-03-28,2008,NSW,16
2008-03-28,2008,Vic,1
2008-03-28,2008,Qld,10
2008-03-28,2008,WA,5
2008-03-28,2008,Tas,1
2008-03-28,2008,NT,1
2008-04-04,2008,NSW,12
2008-04-04,2008,Vic,7
2008-04-04,2008,Qld,19
2008-04-04,2008,WA,5
2008-04-04,2008,NT,2
2008-04-11,2008,NSW,5
2008-04-11,2008,Vic,6
2008-04-11,2008,Qld,14
2008-04-11,2008,WA,6
2008-04-11,2008,Tas,1
2008-04-11,2008,ACT,4
2008-04-11,2008,NT,1
2008-04-18,2008,NSW,9
2008-04-18,2008,Vic,6
2008-04-18,2008,Qld,22
2008-04-18,2008,SA,1
2008-04-18,2008,WA,4
2008-04-18,2008,Tas,1
2008-04-18,2008,ACT,2
2008-04-18,2008,NT,1
2008-04-25,2008,NSW,5
2008-04-25,2008,Vic,6
2008-04-25,2008,Qld,20
2008-04-25,2008,WA,3
2008-04-25,2008,NT,1
2008-05-02,2008,NSW,21
2008-05-02,2008,Vic,3
2008-05-02,2008,Qld,22
2008-05-02,2008,SA,1
2008-05-02,2008,WA,2
2008-05-02,2008,Tas,1
2008-05-02,2008,ACT,4
2008-05-09,2008,NSW,19
2008-05-09,2008,Vic,1
2008-05-09,2008,Qld,20
2008-05-09,2008,SA,1
2008-05-09,2008,WA,11
2008-05-16,2008,NSW,8
2008-05-16,2008,Vic,5
2008-05-16,2008,Qld,15
2008-05-16,2008,WA,5
2008-05-16,2008,Tas,2
2008-05-16,2008,ACT,5
2008-05-16,2008,NT,1
2008-05-23,2008,NSW,27
2008-05-23,2008,Vic,4
2008-05-23,2008,Qld,29
2008-05-23,2008,SA,2
2008-05-23,2008,WA,10
2008-05-23,2008,Tas,2
2008-05-23,2008,ACT,1
2008-05-30,2008,NSW,16
2008-05-30,2008,Vic,10
2008-05-30,2008,Qld,23
2008-05-30,2008,SA,2
2008-05-30,2008,WA,6
2008-05-30,2008,Tas,1
2008-05-30,2008,ACT,3
2008-05-30,2008,NT,1
2008-06-06,2008,NSW,14
2008-06-06,2008,Vic,5
2008-06-06,2008,Qld,32
2008-06-06,2008,SA,3
2008-06-06,2008,WA,7
2008-06-06,2008,Tas,1
2008-06-06,2008,ACT,2
2008-06-13,2008,NSW,15
2008-06-13,2008,Vic,7
2008-06-13,2008,Qld,19
2008-06-13,2008,SA,3
2008-06-13,2008,WA,10
2008-06-13,2008,Tas,1
2008-06-13,2008,ACT,2
2008-06-20,2008,NSW,19
2008-06-20,2008,Vic,9
2008-06-20,2008,Qld,32
2008-06-20,2008,SA,2
2008-06-20,2008,WA,8
2008-06-20,2008,Tas,6
2008-06-20,2008,ACT,4
2008-06-27,2008,NSW,22
2008-06-27,2008,Vic,7
2008-06-27,2008,Qld,25
2008-06-27,2008,WA,5
2008-06-27,2008,Tas,2
2008-06-27,2008,ACT,1
2008-06-27,2008,NT,1
2008-07-04,2008,NSW,17
2008-07-04,2008,Vic,12
2008-07-04,2008,Qld,27
2008-07-04,2008,WA,6
2008-07-04,2008,Tas,2
2008-07-04,2008,ACT,3
2008-07-04,2008,NT,1
2008-07-11,2008,NSW,37
2008-07-11,2008,Vic,13
2008-07-11,2008,Qld,39
2008-07-11,2008,SA,1
2008-07-11,2008,WA,13
2008-07-11,2008,Tas,2
2008-07-11,2008,ACT,3
2008-07-18,2008,NSW,63
2008-07-18,2008,Vic,31
2008-07-18,2008,Qld,39
2008-07-18,2008,SA,5
2008-07-18,2008,WA,11
2008-07-18,2008,Tas,1
2008-07-18,2008,ACT,3
2008-07-18,2008,NT,1
2008-07-25,2008,NSW,80
2008-07-25,2008,Vic,21
2008-07-25,2008,Qld,56
2008-07-25,2008,SA,3
2008-07-25,2008,WA,13
2008-07-25,2008,ACT,2
2008-07-25,2008,NT,2
2008-08-01,2008,NSW,49
2008-08-01,2008,Vic,29
2008-08-01,2008,Qld,100
2008-08-01,2008,SA,5
2008-08-01,2008,WA,14
2008-08-01,2008,Tas,1
2008-08-01,2008,ACT,12
2008-08-01,2008,NT,1
2008-08-08,2008,NSW,65
2008-08-08,2008,Vic,68
2008-08-08,2008,Qld,140
2008-08-08,2008,SA,9
2008-08-08,2008,WA,16
2008-08-08,2008,Tas,4
2008-08-08,2008,ACT,7
2008-08-08,2008,NT,1
2008-08-15,2008,NSW,88
2008-08-15,2008,Vic,78
2008-08-15,2008,Qld,210
2008-08-15,2008,SA,8
2008-08-15,2008,WA,33
2008-08-15,2008,Tas,7
2008-08-15,2008,ACT,11
2008-08-15,2008,NT,12
2008-08-22,2008,NSW,127
2008-08-22,2008,Vic,106
2008-08-22,2008,Qld,371
2008-08-22,2008,SA,9
2008-08-22,2008,WA,58
2008-08-22,2008,Tas,11
2008-08-22,2008,ACT,20
2008-08-22,2008,NT,8
2008-08-29,2008,NSW,136
2008-08-29,2008,Vic,149
2008-08-29,2008,Qld,528
2008-08-29,2008,SA,17
2008-08-29,2008,WA,88
2008-08-29,2008,Tas,26
2008-08-29,2008,ACT,23
2008-08-29,2008,NT,14
2008-09-05,2008,NSW,148
2008-09-05,2008,Vic,134
2008-09-05,2008,Qld,476
2008-09-05,2008,SA,20
2008-09-05,2008,WA,123
2008-09-05,2008,Tas,77
2008-09-05,2008,ACT,19
2008-09-05,2008,NT,13
2008-09-12,2008,NSW,136
2008-09-12,2008,Vic,144
2008-09-12,2008,Qld,356
2008-09-12,2008,SA,52
2008-09-12,2008,WA,140
2008-09-12,2008,Tas,68
2008-09-12,2008,ACT,24
2008-09-12,2008,NT,13
2008-09-19,2008,NSW,101
2008-09-19,2008,Vic,89
2008-09-19,2008,Qld,257
2008-09-19,2008,SA,32
2008-09-19,2008,WA,102
2008-09-19,2008,Tas,48
2008-09-19,2008,ACT,20
2008-09-19,2008,NT,10
2008-09-26,2008,NSW,66
2008-09-26,2008,Vic,85
2008-09-26,2008,Qld,170
2008-09-26,2008,SA,57
2008-09-26,2008,WA,70
2008-09-26,2008,Tas,33
2008-09-26,2008,ACT,15
2008-09-26,2008,NT,18
2008-10-03,2008,NSW,59
2008-10-03,2008,Vic,79
2008-10-03,2008,Qld,126
2008-10-03,2008,SA,56
2008-10-03,2008,WA,49
2008-10-03,2008,Tas,23
2008-10-03,2008,ACT,8
2008-10-03,2008,NT,17
2008-10-10,2008,NSW,50
2008-10-10,2008,Vic,54
2008-10-10,2008,Qld,80
2008-10-10,2008,SA,29
2008-10-10,2008,WA,45
2008-10-10,2008,Tas,8
2008-10-10,2008,ACT,5
2008-10-10,2008,NT,8
2008-10-17,2008,NSW,52
2008-10-17,2008,Vic,22
2008-10-17,2008,Qld,66
2008-10-17,2008,SA,22
2008-10-17,2008,WA,17
2008-10-17,2008,Tas,16
2008-10-17,2008,ACT,8
2008-10-17,2008,NT,1
2008-10-24,2008,NSW,47
2008-10-24,2008,Vic,17
2008-10-24,2008,Qld,66
2008-10-24,2008,SA,18
2008-10-24,2008,WA,16
2008-10-24,2008,Tas,7
2008-10-24,2008,ACT,6
2008-10-24,2008,NT,8
2008-10-31,2008,NSW,45
2008-10-31,2008,Vic,16
2008-10-31,2008,Qld,30
2008-10-31,2008,SA,38
2008-10-31,2008,WA,14
2008-10-31,2008,Tas,7
2008-10-31,2008,NT,6
2008-11-07,2008,NSW,42
2008-11-07,2008,Vic,7
2008-11-07,2008,Qld,8
2008-11-07,2008,SA,28
2008-11-07,2008,WA,11
2008-11-07,2008,Tas,5
2008-11-07,2008,ACT,2
2008-11-07,2008,NT,4
2008-11-14,2008,NSW,34
2008-11-14,2008,Vic,7
2008-11-14,2008,Qld,7
2008-11-14,2008,SA,15
2008-11-14,2008,WA,7
2008-11-14,2008,Tas,9
2008-11-14,2008,NT,10
2008-11-21,2008,NSW,22
2008-11-21,2008,Vic,15
2008-11-21,2008,Qld,8
2008-11-21,2008,SA,7
2008-11-21,2008,WA,6
2008-11-21,2008,Tas,5
2008-11-21,2008,ACT,4
2008-11-21,2008,NT,9
2008-11-28,2008,NSW,28
2008-11-28,2008,Vic,3
2008-11-28,2008,Qld,6
2008-11-28,2008,SA,15
2008-11-28,2008,WA,5
2008-11-28,2008,ACT,1
2008-12-05,2008,NSW,24
2008-12-05,2008,Vic,3
2008-12-05,2008,Qld,9
2008-12-05,2008,SA,5
2008-12-05,2008,WA,10
2008-12-05,2008,Tas,1
2008-12-05,2008,NT,1
2008-12-12,2008,NSW,21
2008-12-12,2008,Vic,7
2008-12-12,2008,Qld,7
2008-12-12,2008,SA,2
2008-12-12,2008,WA,6
2008-12-12,2008,ACT,3
2008-12-12,2008,NT,1
2008-12-19,2008,NSW,21
2008-12-19,2008,Vic,6
2008-12-19,2008,Qld,11
2008-12-19,2008,SA,5
2008-12-19,2008,WA,4
2008-12-19,2008,NT,4
2008-12-26,2008,NSW,8
2008-12-26,2008,Vic,2
2008-12-26,2008,Qld,7
2008-12-26,2008,WA,4
2009-01-02,2009,NSW,16
2009-01-02,2009,Qld,8
2009-01-02,2009,SA,2
2009-01-02,2009,WA,1
2009-01-02,2009,ACT,1
2009-01-02,2009,NT,1
2009-01-09,2009,NSW,29
2009-01-09,2009,Vic,4
2009-01-09,2009,Qld,6
2009-01-09,2009,SA,1
2009-01-09,2009,WA,8
2009-01-09,2009,NT,5
2009-01-16,2009,NSW,25
2009-01-16,2009,Vic,4
2009-01-16,2009,Qld,6
2009-01-16,2009,WA,8
2009-01-16,2009,ACT,1
2009-01-16,2009,NT,2
2009-01-23,2009,NSW,20
2009-01-23,2009,Qld,6
2009-01-23,2009,WA,6
2009-01-23,2009,NT,2
2009-01-30,2009,NSW,21
2009-01-30,2009,Vic,2
2009-01-30,2009,Qld,14
2009-01-30,2009,WA,3
2009-01-30,2009,ACT,1
2009-02-06,2009,NSW,13
2009-02-06,2009,Vic,3
2009-02-06,2009,Qld,11
2009-02-06,2009,WA,2
2009-02-06,2009,ACT,2
2009-02-06,2009,NT,1
2009-02-13,2009,NSW,13
2009-02-13,2009,Vic,3
2009-02-13,2009,Qld,9
2009-02-13,2009,WA,6
2009-02-13,2009,ACT,2
2009-02-13,2009,NT,1
2009-02-20,2009,NSW,13
2009-02-20,2009,Vic,3
2009-02-20,2009,Qld,4
2009-02-20,2009,SA,1
2009-02-20,2009,WA,2
2009-02-20,2009,ACT,2
2009-02-27,2009,NSW,11
2009-02-27,2009,Vic,1
2009-02-27,2009,Qld,12
2009-02-27,2009,SA,2
2009-02-27,2009,WA,4
2009-02-27,2009,ACT,2
2009-03-06,2009,NSW,17
2009-03-06,2009,Vic,2
2009-03-06,2009,Qld,4
2009-03-06,2009,SA,3
2009-03-06,2009,WA,9
2009-03-06,2009,Tas,1
2009-03-06,2009,ACT,1
2009-03-13,2009,NSW,22
2009-03-13,2009,Vic,1
2009-03-13,2009,Qld,7
2009-03-13,2009,SA,1
2009-03-13,2009,WA,1
2009-03-13,2009,NT,4
2009-03-20,2009,NSW,16
2009-03-20,2009,Vic,2
2009-03-20,2009,Qld,5
2009-03-20,2009,SA,1
2009-03-20,2009,WA,5
2009-03-27,2009,NSW,18
2009-03-27,2009,Vic,6
2009-03-27,2009,Qld,8
2009-03-27,2009,SA,6
2009-03-27,2009,WA,4
2009-03-27,2009,Tas,1
2009-04-03,2009,NSW,29
2009-04-03,2009,Vic,5
2009-04-03,2009,Qld,6
2009-04-03,2009,SA,1
2009-04-03,2009,WA,2
2009-04-10,2009,NSW,16
2009-04-10,2009,Vic,4
2009-04-10,2009,Qld,4
2009-04-10,2009,SA,3
2009-04-10,2009,WA,6
2009-04-10,2009,Tas,1
2009-04-10,2009,NT,1
2009-04-17,2009,NSW,13
2009-04-17,2009,Qld,6
2009-04-17,2009,SA,4
2009-04-17,2009,WA,2
2009-04-17,2009,Tas,1
2009-04-24,2009,NSW,37
2009-04-24,2009,Vic,3
2009-04-24,2009,Qld,9
2009-04-24,2009,SA,8
2009-04-24,2009,WA,8
2009-04-24,2009,Tas,1
2009-04-24,2009,ACT,1
2009-05-01,2009,NSW,51
2009-05-01,2009,Vic,15
2009-05-01,2009,Qld,39
2009-05-01,2009,SA,15
2009-05-01,2009,WA,18
2009-05-01,2009,Tas,3
2009-05-01,2009,ACT,3
2009-05-01,2009,NT,3
2009-05-08,2009,NSW,43
2009-05-08,2009,Vic,14
2009-05-08,2009,Qld,36
2009-05-08,2009,SA,28
2009-05-08,2009,WA,15
2009-05-08,2009,Tas,2
2009-05-08,2009,ACT,3
2009-05-08,2009,NT,4
2009-05-15,2009,NSW,49
2009-05-15,2009,Vic,26
2009-05-15,2009,Qld,34
2009-05-15,2009,SA,25
2009-05-15,2009,WA,8
2009-05-15,2009,Tas,2
2009-05-15,2009,ACT,3
2009-05-15,2009,NT,2
2009-05-22,2009,NSW,63
2009-05-22,2009,Vic,90
2009-05-22,2009,Qld,32
2009-05-22,2009,SA,49
2009-05-22,2009,WA,11
2009-05-22,2009,Tas,3
2009-05-22,2009,ACT,4
2009-05-22,2009,NT,3
2009-05-29,2009,NSW,218
2009-05-29,2009,Vic,948
2009-05-29,2009,Qld,150
2009-05-29,2009,SA,117
2009-05-29,2009,WA,31
2009-05-29,2009,Tas,5
2009-05-29,2009,ACT,15
2009-05-29,2009,NT,25
2009-06-05,2009,NSW,214
2009-06-05,2009,Vic,1323
2009-06-05,2009,Qld,276
2009-06-05,2009,SA,137
2009-06-05,2009,WA,54
2009-06-05,2009,Tas,23
2009-06-05,2009,ACT,17
2009-06-05,2009,NT,61
2009-06-12,2009,NSW,644
2009-06-12,2009,Vic,645
2009-06-12,2009,Qld,438
2009-06-12,2009,SA,223
2009-06-12,2009,WA,127
2009-06-12,2009,Tas,63
2009-06-12,2009,ACT,61
2009-06-12,2009,NT,57
2009-06-19,2009,NSW,861
2009-06-19,2009,Vic,781
2009-06-19,2009,Qld,552
2009-06-19,2009,SA,227
2009-06-19,2009,WA,116
2009-06-19,2009,Tas,49
2009-06-19,2009,ACT,89
2009-06-19,2009,NT,76
2009-06-26,2009,NSW,1169
2009-06-26,2009,Vic,806
2009-06-26,2009,Qld,565
2009-06-26,2009,SA,311
2009-06-26,2009,WA,144
2009-06-26,2009,Tas,39
2009-06-26,2009,ACT,73
2009-06-26,2009,NT,165
2009-07-03,2009,NSW,1903
2009-07-03,2009,Vic,689
2009-07-03,2009,Qld,952
2009-07-03,2009,SA,538
2009-07-03,2009,WA,217
2009-07-03,2009,Tas,67
2009-07-03,2009,ACT,153
2009-07-03,2009,NT,295
2009-07-10,2009,NSW,2172
2009-07-10,2009,Vic,382
2009-07-10,2009,Qld,1479
2009-07-10,2009,SA,754
2009-07-10,2009,WA,383
2009-07-10,2009,Tas,141
2009-07-10,2009,ACT,155
2009-07-10,2009,NT,329
2009-07-17,2009,NSW,1917
2009-07-17,2009,Vic,304
2009-07-17,2009,Qld,2723
2009-07-17,2009,SA,924
2009-07-17,2009,WA,735
2009-07-17,2009,Tas,288
2009-07-17,2009,ACT,185
2009-07-17,2009,NT,326
2009-07-24,2009,NSW,1263
2009-07-24,2009,Vic,260
2009-07-24,2009,Qld,4790
2009-07-24,2009,SA,1040
2009-07-24,2009,WA,724
2009-07-24,2009,Tas,278
2009-07-24,2009,ACT,173
2009-07-24,2009,NT,181
2009-07-31,2009,NSW,718
2009-07-31,2009,Vic,179
2009-07-31,2009,Qld,2348
2009-07-31,2009,SA,1293
2009-07-31,2009,WA,575
2009-07-31,2009,Tas,165
2009-07-31,2009,ACT,117
2009-07-31,2009,NT,126
2009-08-07,2009,NSW,432
2009-08-07,2009,Vic,147
2009-08-07,2009,Qld,1372
2009-08-07,2009,SA,1536
2009-08-07,2009,WA,801
2009-08-07,2009,Tas,88
2009-08-07,2009,ACT,82
2009-08-07,2009,NT,102
2009-08-14,2009,NSW,243
2009-08-14,2009,Vic,117
2009-08-14,2009,Qld,766
2009-08-14,2009,SA,1163
2009-08-14,2009,WA,515
2009-08-14,2009,Tas,42
2009-08-14,2009,ACT,45
2009-08-14,2009,NT,68
2009-08-21,2009,NSW,195
2009-08-21,2009,Vic,72
2009-08-21,2009,Qld,557
2009-08-21,2009,SA,857
2009-08-21,2009,WA,328
2009-08-21,2009,Tas,23
2009-08-21,2009,ACT,31
2009-08-21,2009,NT,47
2009-08-28,2009,NSW,105
2009-08-28,2009,Vic,51
2009-08-28,2009,Qld,303
2009-08-28,2009,SA,505
2009-08-28,2009,WA,176
2009-08-28,2009,Tas,8
2009-08-28,2009,ACT,17
2009-08-28,2009,NT,10
2009-09-04,2009,NSW,62
2009-09-04,2009,Vic,27
2009-09-04,2009,Qld,204
2009-09-04,2009,SA,290
2009-09-04,2009,WA,158
2009-09-04,2009,Tas,5
2009-09-04,2009,ACT,8
2009-09-04,2009,NT,17
2009-09-11,2009,NSW,37
2009-09-11,2009,Vic,14
2009-09-11,2009,Qld,139
2009-09-11,2009,SA,239
2009-09-11,2009,WA,87
2009-09-11,2009,ACT,4
2009-09-11,2009,NT,9
2009-09-18,2009,NSW,25
2009-09-18,2009,Vic,17
2009-09-18,2009,Qld,95
2009-09-18,2009,SA,134
2009-09-18,2009,WA,44
2009-09-18,2009,ACT,1
2009-09-18,2009,NT,16
2009-09-25,2009,NSW,10
2009-09-25,2009,Vic,15
2009-09-25,2009,Qld,47
2009-09-25,2009,SA,99
2009-09-25,2009,WA,27
2009-09-25,2009,ACT,3
2009-09-25,2009,NT,8
2009-10-02,2009,NSW,14
2009-10-02,2009,Vic,6
2009-10-02,2009,Qld,28
2009-10-02,2009,SA,61
2009-10-02,2009,WA,26
2009-10-02,2009,Tas,2
2009-10-02,2009,ACT,1
2009-10-02,2009,NT,6
2009-10-09,2009,NSW,6
2009-10-09,2009,Vic,7
2009-10-09,2009,Qld,41
2009-10-09,2009,SA,30
2009-10-09,2009,WA,27
2009-10-09,2009,Tas,1
2009-10-09,2009,NT,3
2009-10-16,2009,NSW,8
2009-10-16,2009,Vic,5
2009-10-16,2009,Qld,26
2009-10-16,2009,SA,26
2009-10-16,2009,WA,24
2009-10-16,2009,Tas,1
2009-10-16,2009,ACT,1
2009-10-16,2009,NT,2
2009-10-23,2009,NSW,6
2009-10-23,2009,Vic,6
2009-10-23,2009,Qld,29
2009-10-23,2009,SA,13
2009-10-23,2009,WA,10
2009-10-23,2009,NT,1
2009-10-30,2009,NSW,13
2009-10-30,2009,Vic,9
2009-10-30,2009,Qld,29
2009-10-30,2009,SA,17
2009-10-30,2009,WA,9
2009-10-30,2009,Tas,2
2009-10-30,2009,ACT,1
2009-10-30,2009,NT,6
2009-11-06,2009,NSW,14
2009-11-06,2009,Vic,5
2009-11-06,2009,Qld,22
2009-11-06,2009,SA,23
2009-11-06,2009,WA,7
2009-11-06,2009,NT,2
2009-11-13,2009,NSW,8
2009-11-13,2009,Vic,12
2009-11-13,2009,Qld,24
2009-11-13,2009,SA,26
2009-11-13,2009,WA,11
2009-11-13,2009,Tas,3
2009-11-13,2009,ACT,2
2009-11-20,2009,NSW,5
2009-11-20,2009,Vic,2
2009-11-20,2009,Qld,19
2009-11-20,2009,SA,8
2009-11-20,2009,WA,8
2009-11-20,2009,ACT,2
2009-11-20,2009,NT,4
2009-11-27,2009,NSW,6
2009-11-27,2009,Vic,5
2009-11-27,2009,Qld,12
2009-11-27,2009,SA,5
2009-11-27,2009,WA,5
2009-11-27,2009,Tas,1
2009-11-27,2009,NT,1
2009-12-04,2009,NSW,6
2009-12-04,2009,Vic,6
2009-12-04,2009,Qld,21
2009-12-04,2009,SA,9
2009-12-04,2009,WA,6
2009-12-04,2009,NT,2
2009-12-11,2009,NSW,7
2009-12-11,2009,Vic,1
2009-12-11,2009,Qld,15
2009-12-11,2009,SA,1
2009-12-11,2009,WA,8
2009-12-11,2009,Tas,2
2009-12-11,2009,ACT,2
2009-12-11,2009,NT,2
2009-12-18,2009,NSW,27
2009-12-18,2009,Vic,2
2009-12-18,2009,Qld,15
2009-12-18,2009,SA,1
2009-12-18,2009,WA,6
2009-12-25,2009,NSW,7
2009-12-25,2009,Vic,5
2009-12-25,2009,Qld,4
2009-12-25,2009,SA,7
2009-12-25,2009,WA,3
2009-12-25,2009,NT,2
2010-01-01,2010,NSW,6
2010-01-01,2010,Vic,3
2010-01-01,2010,Qld,12
2010-01-01,2010,SA,5
2010-01-01,2010,WA,3
2010-01-01,2010,NT,1
2010-01-08,2010,NSW,7
2010-01-08,2010,Vic,4
2010-01-08,2010,Qld,12
2010-01-08,2010,SA,5
2010-01-08,2010,WA,5
2010-01-08,2010,NT,2
2010-01-15,2010,NSW,10
2010-01-15,2010,Vic,4
2010-01-15,2010,Qld,8
2010-01-15,2010,SA,1
2010-01-15,2010,WA,5
2010-01-22,2010,NSW,13
2010-01-22,2010,Vic,3
2010-01-22,2010,Qld,7
2010-01-22,2010,SA,5
2010-01-22,2010,WA,1
2010-01-22,2010,Tas,2
2010-01-29,2010,NSW,19
2010-01-29,2010,Vic,5
2010-01-29,2010,Qld,11
2010-01-29,2010,SA,3
2010-01-29,2010,WA,1
2010-01-29,2010,NT,1
2010-02-05,2010,NSW,9
2010-02-05,2010,Vic,6
2010-02-05,2010,Qld,11
2010-02-05,2010,SA,2
2010-02-05,2010,WA,5
2010-02-12,2010,NSW,11
2010-02-12,2010,Vic,5
2010-02-12,2010,Qld,8
2010-02-12,2010,SA,4
2010-02-12,2010,WA,2
2010-02-19,2010,NSW,8
2010-02-19,2010,Vic,8
2010-02-19,2010,Qld,20
2010-02-19,2010,SA,3
2010-02-19,2010,WA,1
2010-02-19,2010,Tas,2
2010-02-19,2010,ACT,1
2010-02-26,2010,NSW,7
2010-02-26,2010,Vic,7
2010-02-26,2010,Qld,14
2010-02-26,2010,SA,4
2010-02-26,2010,WA,4
2010-03-05,2010,NSW,10
2010-03-05,2010,Vic,9
2010-03-05,2010,Qld,17
2010-03-05,2010,SA,6
2010-03-05,2010,WA,5
2010-03-05,2010,Tas,3
2010-03-05,2010,NT,1
2010-03-12,2010,NSW,8
2010-03-12,2010,Vic,2
2010-03-12,2010,Qld,17
2010-03-12,2010,SA,1
2010-03-12,2010,WA,1
2010-03-12,2010,Tas,1
2010-03-12,2010,ACT,1
2010-03-19,2010,NSW,7
2010-03-19,2010,Vic,6
2010-03-19,2010,Qld,18
2010-03-19,2010,SA,1
2010-03-19,2010,WA,2
2010-03-19,2010,Tas,1
2010-03-19,2010,ACT,1
2010-03-26,2010,NSW,9
2010-03-26,2010,Vic,1
2010-03-26,2010,Qld,21
2010-03-26,2010,WA,10
2010-03-26,2010,Tas,1
2010-03-26,2010,NT,1
2010-04-02,2010,NSW,8
2010-04-02,2010,Vic,3
2010-04-02,2010,Qld,18
2010-04-02,2010,SA,2
2010-04-02,2010,WA,2
2010-04-02,2010,Tas,2
2010-04-09,2010,NSW,9
2010-04-09,2010,Vic,10
2010-04-09,2010,Qld,23
2010-04-09,2010,SA,1
2010-04-09,2010,WA,4
2010-04-09,2010,Tas,2
2010-04-09,2010,NT,1
2010-04-16,2010,NSW,36
2010-04-16,2010,Vic,12
2010-04-16,2010,Qld,21
2010-04-16,2010,SA,2
2010-04-16,2010,WA,4
2010-04-16,2010,Tas,3
2010-04-16,2010,ACT,1
2010-04-23,2010,NSW,8
2010-04-23,2010,Vic,8
2010-04-23,2010,Qld,25
2010-04-23,2010,SA,6
2010-04-23,2010,WA,5
2010-04-23,2010,Tas,2
2010-04-23,2010,ACT,2
2010-04-30,2010,NSW,14
2010-04-30,2010,Vic,6
2010-04-30,2010,Qld,14
2010-04-30,2010,SA,4
2010-04-30,2010,WA,11
2010-04-30,2010,Tas,1
2010-04-30,2010,ACT,1
2010-04-30,2010,NT,1
2010-05-07,2010,NSW,15
2010-05-07,2010,Vic,7
2010-05-07,2010,Qld,12
2010-05-07,2010,SA,4
2010-05-07,2010,WA,5
2010-05-07,2010,Tas,1
2010-05-07,2010,ACT,1
2010-05-14,2010,NSW,11
2010-05-14,2010,Vic,10
2010-05-14,2010,Qld,13
2010-05-14,2010,SA,3
2010-05-14,2010,WA,5
2010-05-14,2010,Tas,2
2010-05-14,2010,NT,1
2010-05-21,2010,NSW,16
2010-05-21,2010,Vic,14
2010-05-21,2010,Qld,24
2010-05-21,2010,SA,2
2010-05-21,2010,WA,10
2010-05-21,2010,Tas,1
2010-05-28,2010,NSW,10
2010-05-28,2010,Vic,8
2010-05-28,2010,Qld,20
2010-05-28,2010,SA,3
2010-05-28,2010,WA,5
2010-06-04,2010,NSW,7
2010-06-04,2010,Vic,9
2010-06-04,2010,Qld,20
2010-06-04,2010,SA,1
2010-06-04,2010,WA,6
2010-06-04,2010,ACT,1
2010-06-04,2010,NT,1
2010-06-11,2010,NSW,8
2010-06-11,2010,Vic,14
2010-06-11,2010,Qld,26
2010-06-11,2010,SA,4
2010-06-11,2010,WA,7
2010-06-11,2010,ACT,2
2010-06-18,2010,NSW,13
2010-06-18,2010,Vic,12
2010-06-18,2010,Qld,14
2010-06-18,2010,SA,6
2010-06-18,2010,WA,14
2010-06-25,2010,NSW,12
2010-06-25,2010,Vic,22
2010-06-25,2010,Qld,22
2010-06-25,2010,SA,11
2010-06-25,2010,WA,10
2010-06-25,2010,Tas,1
2010-06-25,2010,ACT,2
2010-06-25,2010,NT,19
2010-07-02,2010,NSW,14
2010-07-02,2010,Vic,21
2010-07-02,2010,Qld,35
2010-07-02,2010,SA,19
2010-07-02,2010,WA,11
2010-07-02,2010,ACT,1
2010-07-02,2010,NT,7
2010-07-09,2010,NSW,14
2010-07-09,2010,Vic,27
2010-07-09,2010,Qld,40
2010-07-09,2010,SA,19
2010-07-09,2010,WA,23
2010-07-09,2010,ACT,1
2010-07-09,2010,NT,7
2010-07-16,2010,NSW,22
2010-07-16,2010,Vic,34
2010-07-16,2010,Qld,41
2010-07-16,2010,SA,24
2010-07-16,2010,WA,21
2010-07-16,2010,ACT,2
2010-07-16,2010,NT,5
2010-07-23,2010,NSW,32
2010-07-23,2010,Vic,24
2010-07-23,2010,Qld,68
2010-07-23,2010,SA,21
2010-07-23,2010,WA,27
2010-07-23,2010,ACT,8
2010-07-23,2010,NT,5
2010-07-30,2010,NSW,26
2010-07-30,2010,Vic,61
2010-07-30,2010,Qld,44
2010-07-30,2010,SA,31
2010-07-30,2010,WA,40
2010-07-30,2010,Tas,1
2010-07-30,2010,ACT,4
2010-07-30,2010,NT,3
2010-08-06,2010,NSW,49
2010-08-06,2010,Vic,67
2010-08-06,2010,Qld,62
2010-08-06,2010,SA,47
2010-08-06,2010,WA,63
2010-08-06,2010,Tas,3
2010-08-06,2010,ACT,6
2010-08-06,2010,NT,2
2010-08-13,2010,NSW,62
2010-08-13,2010,Vic,100
2010-08-13,2010,Qld,73
2010-08-13,2010,SA,101
2010-08-13,2010,WA,48
2010-08-13,2010,Tas,1
2010-08-13,2010,ACT,2
2010-08-13,2010,NT,3
2010-08-20,2010,NSW,55
2010-08-20,2010,Vic,129
2010-08-20,2010,Qld,131
2010-08-20,2010,SA,135
2010-08-20,2010,WA,87
2010-08-20,2010,Tas,7
2010-08-20,2010,ACT,3
2010-08-20,2010,NT,5
2010-08-27,2010,NSW,66
2010-08-27,2010,Vic,220
2010-08-27,2010,Qld,171
2010-08-27,2010,SA,178
2010-08-27,2010,WA,95
2010-08-27,2010,ACT,9
2010-08-27,2010,NT,10
2010-09-03,2010,NSW,81
2010-09-03,2010,Vic,228
2010-09-03,2010,Qld,164
2010-09-03,2010,SA,317
2010-09-03,2010,WA,115
2010-09-03,2010,Tas,4
2010-09-03,2010,ACT,5
2010-09-03,2010,NT,13
2010-09-10,2010,NSW,101
2010-09-10,2010,Vic,226
2010-09-10,2010,Qld,187
2010-09-10,2010,SA,478
2010-09-10,2010,WA,113
2010-09-10,2010,Tas,12
2010-09-10,2010,ACT,12
2010-09-10,2010,NT,33
2010-09-17,2010,NSW,101
2010-09-17,2010,Vic,180
2010-09-17,2010,Qld,174
2010-09-17,2010,SA,600
2010-09-17,2010,WA,85
2010-09-17,2010,Tas,4
2010-09-17,2010,ACT,4
2010-09-17,2010,NT,48
2010-09-24,2010,NSW,101
2010-09-24,2010,Vic,135
2010-09-24,2010,Qld,158
2010-09-24,2010,SA,710
2010-09-24,2010,WA,142
2010-09-24,2010,Tas,16
2010-09-24,2010,ACT,6
2010-09-24,2010,NT,50
2010-10-01,2010,NSW,92
2010-10-01,2010,Vic,90
2010-10-01,2010,Qld,149
2010-10-01,2010,SA,470
2010-10-01,2010,WA,132
2010-10-01,2010,Tas,4
2010-10-01,2010,ACT,2
2010-10-01,2010,NT,35
2010-10-08,2010,NSW,86
2010-10-08,2010,Vic,74
2010-10-08,2010,Qld,107
2010-10-08,2010,SA,298
2010-10-08,2010,WA,104
2010-10-08,2010,Tas,7
2010-10-08,2010,ACT,2
2010-10-08,2010,NT,20
2010-10-15,2010,NSW,90
2010-10-15,2010,Vic,39
2010-10-15,2010,Qld,85
2010-10-15,2010,SA,224
2010-10-15,2010,WA,81
2010-10-15,2010,Tas,4
2010-10-15,2010,ACT,2
2010-10-15,2010,NT,18
2010-10-22,2010,NSW,44
2010-10-22,2010,Vic,38
2010-10-22,2010,Qld,87
2010-10-22,2010,SA,155
2010-10-22,2010,WA,53
2010-10-22,2010,Tas,2
2010-10-22,2010,ACT,1
2010-10-22,2010,NT,13
2010-10-29,2010,NSW,33
2010-10-29,2010,Vic,27
2010-10-29,2010,Qld,116
2010-10-29,2010,SA,103
2010-10-29,2010,WA,49
2010-10-29,2010,Tas,4
2010-10-29,2010,ACT,3
2010-10-29,2010,NT,28
2010-11-05,2010,NSW,29
2010-11-05,2010,Vic,17
2010-11-05,2010,Qld,89
2010-11-05,2010,SA,101
2010-11-05,2010,WA,27
2010-11-05,2010,Tas,3
2010-11-05,2010,ACT,2
2010-11-05,2010,NT,29
2010-11-12,2010,NSW,28
2010-11-12,2010,Vic,21
2010-11-12,2010,Qld,112
2010-11-12,2010,SA,53
2010-11-12,2010,WA,39
2010-11-12,2010,Tas,3
2010-11-12,2010,ACT,2
2010-11-12,2010,NT,10
2010-11-19,2010,NSW,19
2010-11-19,2010,Vic,11
2010-11-19,2010,Qld,72
2010-11-19,2010,SA,24
2010-11-19,2010,WA,23
2010-11-19,2010,Tas,1
2010-11-19,2010,NT,5
2010-11-26,2010,NSW,16
2010-11-26,2010,Vic,6
2010-11-26,2010,Qld,75
2010-11-26,2010,SA,19
2010-11-26,2010,WA,18
2010-11-26,2010,NT,14
2010-12-03,2010,NSW,9
2010-12-03,2010,Vic,16
2010-12-03,2010,Qld,121
2010-12-03,2010,SA,13
2010-12-03,2010,WA,25
2010-12-03,2010,Tas,3
2010-12-03,2010,ACT,1
2010-12-03,2010,NT,11
2010-12-10,2010,NSW,35
2010-12-10,2010,Vic,15
2010-12-10,2010,Qld,132
2010-12-10,2010,SA,12
2010-12-10,2010,WA,17
2010-12-10,2010,NT,15
2010-12-17,2010,NSW,33
2010-12-17,2010,Vic,34
2010-12-17,2010,Qld,117
2010-12-17,2010,SA,8
2010-12-17,2010,WA,21
2010-12-17,2010,Tas,2
2010-12-17,2010,ACT,2
2010-12-17,2010,NT,21
2010-12-24,2010,NSW,25
2010-12-24,2010,Vic,28
2010-12-24,2010,Qld,110
2010-12-24,2010,SA,9
2010-12-24,2010,WA,21
2010-12-24,2010,ACT,1
2010-12-24,2010,NT,20
2010-12-31,2010,NSW,14
2010-12-31,2010,Vic,21
2010-12-31,2010,Qld,73
2010-12-31,2010,SA,3
2010-12-31,2010,WA,15
2010-12-31,2010,Tas,1
2010-12-31,2010,ACT,1
2010-12-31,2010,NT,21
2011-01-07,2011,NSW,23
2011-01-07,2011,Vic,30
2011-01-07,2011,Qld,101
2011-01-07,2011,SA,20
2011-01-07,2011,WA,14
2011-01-07,2011,Tas,2
2011-01-07,2011,NT,21
2011-01-14,2011,NSW,44
2011-01-14,2011,Vic,37
2011-01-14,2011,Qld,71
2011-01-14,2011,SA,23
2011-01-14,2011,WA,14
2011-01-14,2011,Tas,2
2011-01-14,2011,NT,14
2011-01-21,2011,NSW,27
2011-01-21,2011,Vic,21
2011-01-21,2011,Qld,85
2011-01-21,2011,SA,23
2011-01-21,2011,WA,21
2011-01-21,2011,NT,12
2011-01-28,2011,NSW,33
2011-01-28,2011,Vic,27
2011-01-28,2011,Qld,113
2011-01-28,2011,SA,19
2011-01-28,2011,WA,13
2011-01-28,2011,Tas,1
2011-01-28,2011,ACT,1
2011-01-28,2011,NT,17
2011-02-04,2011,NSW,36
2011-02-04,2011,Vic,33
2011-02-04,2011,Qld,77
2011-02-04,2011,SA,12
2011-02-04,2011,WA,13
2011-02-04,2011,ACT,2
2011-02-04,2011,NT,25
2011-02-11,2011,NSW,27
2011-02-11,2011,Vic,25
2011-02-11,2011,Qld,71
2011-02-11,2011,SA,11
2011-02-11,2011,WA,12
2011-02-11,2011,Tas,2
2011-02-11,2011,ACT,5
2011-02-11,2011,NT,26
2011-02-18,2011,NSW,20
2011-02-18,2011,Vic,25
2011-02-18,2011,Qld,110
2011-02-18,2011,SA,17
2011-02-18,2011,WA,20
2011-02-18,2011,Tas,1
2011-02-18,2011,ACT,2
2011-02-18,2011,NT,20
2011-02-25,2011,NSW,22
2011-02-25,2011,Vic,35
2011-02-25,2011,Qld,106
2011-02-25,2011,SA,11
2011-02-25,2011,WA,18
2011-02-25,2011,ACT,2
2011-02-25,2011,NT,37
2011-03-04,2011,NSW,30
2011-03-04,2011,Vic,23
2011-03-04,2011,Qld,111
2011-03-04,2011,SA,16
2011-03-04,2011,WA,20
2011-03-04,2011,ACT,1
2011-03-04,2011,NT,39
2011-03-11,2011,NSW,29
2011-03-11,2011,Vic,27
2011-03-11,2011,Qld,105
2011-03-11,2011,SA,13
2011-03-11,2011,WA,10
2011-03-11,2011,ACT,1
2011-03-11,2011,NT,44
2011-03-18,2011,NSW,32
2011-03-18,2011,Vic,12
2011-03-18,2011,Qld,93
2011-03-18,2011,SA,11
2011-03-18,2011,WA,5
2011-03-18,2011,Tas,1
2011-03-18,2011,NT,24
2011-03-25,2011,NSW,43
2011-03-25,2011,Vic,28
2011-03-25,2011,Qld,109
2011-03-25,2011,SA,11
2011-03-25,2011,WA,9
2011-03-25,2011,Tas,1
2011-03-25,2011,ACT,1
2011-03-25,2011,NT,23
2011-04-01,2011,NSW,30
2011-04-01,2011,Vic,21
2011-04-01,2011,Qld,94
2011-04-01,2011,SA,10
2011-04-01,2011,WA,12
2011-04-01,2011,ACT,2
2011-04-01,2011,NT,9
2011-04-08,2011,NSW,36
2011-04-08,2011,Vic,19
2011-04-08,2011,Qld,93
2011-04-08,2011,SA,21
2011-04-08,2011,WA,5
2011-04-08,2011,Tas,2
2011-04-08,2011,NT,9
2011-04-15,2011,NSW,29
2011-04-15,2011,Vic,18
2011-04-15,2011,Qld,95
2011-04-15,2011,SA,18
2011-04-15,2011,WA,5
2011-04-15,2011,Tas,4
2011-04-15,2011,NT,8
2011-04-22,2011,NSW,18
2011-04-22,2011,Vic,18
2011-04-22,2011,Qld,58
2011-04-22,2011,SA,13
2011-04-22,2011,WA,6
2011-04-22,2011,Tas,7
2011-04-22,2011,NT,4
2011-04-29,2011,NSW,9
2011-04-29,2011,Vic,13
2011-04-29,2011,Qld,44
2011-04-29,2011,SA,23
2011-04-29,2011,WA,5
2011-04-29,2011,Tas,9
2011-04-29,2011,NT,1
2011-05-06,2011,NSW,45
2011-05-06,2011,Vic,25
2011-05-06,2011,Qld,75
2011-05-06,2011,SA,22
2011-05-06,2011,WA,3
2011-05-06,2011,Tas,5
2011-05-06,2011,ACT,3
2011-05-13,2011,NSW,29
2011-05-13,2011,Vic,21
2011-05-13,2011,Qld,48
2011-05-13,2011,SA,33
2011-05-13,2011,WA,4
2011-05-13,2011,Tas,5
2011-05-13,2011,ACT,1
2011-05-13,2011,NT,1
2011-05-20,2011,NSW,35
2011-05-20,2011,Vic,32
2011-05-20,2011,Qld,67
2011-05-20,2011,SA,48
2011-05-20,2011,WA,10
2011-05-20,2011,Tas,6
2011-05-20,2011,NT,3
2011-05-27,2011,NSW,46
2011-05-27,2011,Vic,28
2011-05-27,2011,Qld,81
2011-05-27,2011,SA,54
2011-05-27,2011,WA,7
2011-05-27,2011,Tas,12
2011-05-27,2011,NT,1
2011-06-03,2011,NSW,64
2011-06-03,2011,Vic,29
2011-06-03,2011,Qld,116
2011-06-03,2011,SA,106
2011-06-03,2011,WA,12
2011-06-03,2011,Tas,8
2011-06-03,2011,ACT,7
2011-06-03,2011,NT,1
2011-06-10,2011,NSW,94
2011-06-10,2011,Vic,34
2011-06-10,2011,Qld,174
2011-06-10,2011,SA,106
2011-06-10,2011,WA,7
2011-06-10,2011,Tas,2
2011-06-10,2011,ACT,6
2011-06-10,2011,NT,1
2011-06-17,2011,NSW,135
2011-06-17,2011,Vic,23
2011-06-17,2011,Qld,189
2011-06-17,2011,SA,141
2011-06-17,2011,WA,20
2011-06-17,2011,Tas,3
2011-06-17,2011,ACT,6
2011-06-17,2011,NT,2
2011-06-24,2011,NSW,176
2011-06-24,2011,Vic,32
2011-06-24,2011,Qld,293
2011-06-24,2011,SA,176
2011-06-24,2011,WA,16
2011-06-24,2011,Tas,8
2011-06-24,2011,ACT,8
2011-07-01,2011,NSW,240
2011-07-01,2011,Vic,41
2011-07-01,2011,Qld,367
2011-07-01,2011,SA,212
2011-07-01,2011,WA,25
2011-07-01,2011,Tas,8
2011-07-01,2011,ACT,9
2011-07-01,2011,NT,1
2011-07-08,2011,NSW,324
2011-07-08,2011,Vic,48
2011-07-08,2011,Qld,336
2011-07-08,2011,SA,213
2011-07-08,2011,WA,30
2011-07-08,2011,Tas,6
2011-07-08,2011,ACT,15
2011-07-15,2011,NSW,373
2011-07-15,2011,Vic,59
2011-07-15,2011,Qld,449
2011-07-15,2011,SA,215
2011-07-15,2011,WA,56
2011-07-15,2011,Tas,16
2011-07-15,2011,ACT,15
2011-07-15,2011,NT,2
2011-07-22,2011,NSW,419
2011-07-22,2011,Vic,79
2011-07-22,2011,Qld,668
2011-07-22,2011,SA,199
2011-07-22,2011,WA,53
2011-07-22,2011,Tas,22
2011-07-22,2011,ACT,35
2011-07-22,2011,NT,2
2011-07-29,2011,NSW,374
2011-07-29,2011,Vic,99
2011-07-29,2011,Qld,746
2011-07-29,2011,SA,234
2011-07-29,2011,WA,68
2011-07-29,2011,Tas,24
2011-07-29,2011,ACT,14
2011-07-29,2011,NT,8
2011-08-05,2011,NSW,385
2011-08-05,2011,Vic,124
2011-08-05,2011,Qld,999
2011-08-05,2011,SA,325
2011-08-05,2011,WA,93
2011-08-05,2011,Tas,23
2011-08-05,2011,ACT,19
2011-08-05,2011,NT,3
2011-08-12,2011,NSW,413
2011-08-12,2011,Vic,154
2011-08-12,2011,Qld,799
2011-08-12,2011,SA,250
2011-08-12,2011,WA,88
2011-08-12,2011,Tas,30
2011-08-12,2011,ACT,22
2011-08-12,2011,NT,7
2011-08-19,2011,NSW,346
2011-08-19,2011,Vic,190
2011-08-19,2011,Qld,752
2011-08-19,2011,SA,262
2011-08-19,2011,WA,102
2011-08-19,2011,Tas,31
2011-08-19,2011,ACT,15
2011-08-19,2011,NT,11
2011-08-26,2011,NSW,309
2011-08-26,2011,Vic,194
2011-08-26,2011,Qld,695
2011-08-26,2011,SA,235
2011-08-26,2011,WA,127
2011-08-26,2011,Tas,24
2011-08-26,2011,ACT,15
2011-08-26,2011,NT,18
2011-09-02,2011,NSW,255
2011-09-02,2011,Vic,194
2011-09-02,2011,Qld,417
2011-09-02,2011,SA,269
2011-09-02,2011,WA,102
2011-09-02,2011,Tas,15
2011-09-02,2011,ACT,9
2011-09-02,2011,NT,32
2011-09-09,2011,NSW,170
2011-09-09,2011,Vic,218
2011-09-09,2011,Qld,353
2011-09-09,2011,SA,222
2011-09-09,2011,WA,100
2011-09-09,2011,Tas,18
2011-09-09,2011,ACT,9
2011-09-09,2011,NT,26
2011-09-16,2011,NSW,144
2011-09-16,2011,Vic,243
2011-09-16,2011,Qld,245
2011-09-16,2011,SA,252
2011-09-16,2011,WA,111
2011-09-16,2011,Tas,12
2011-09-16,2011,ACT,6
2011-09-16,2011,NT,30
2011-09-23,2011,NSW,170
2011-09-23,2011,Vic,195
2011-09-23,2011,Qld,192
2011-09-23,2011,SA,202
2011-09-23,2011,WA,93
2011-09-23,2011,Tas,17
2011-09-23,2011,ACT,3
2011-09-23,2011,NT,32
2011-09-30,2011,NSW,110
2011-09-30,2011,Vic,138
2011-09-30,2011,Qld,146
2011-09-30,2011,SA,185
2011-09-30,2011,WA,84
2011-09-30,2011,Tas,6
2011-09-30,2011,ACT,2
2011-09-30,2011,NT,24
2011-10-07,2011,NSW,83
2011-10-07,2011,Vic,122
2011-10-07,2011,Qld,107
2011-10-07,2011,SA,132
2011-10-07,2011,WA,97
2011-10-07,2011,Tas,4
2011-10-07,2011,NT,14
2011-10-14,2011,NSW,84
2011-10-14,2011,Vic,105
2011-10-14,2011,Qld,110
2011-10-14,2011,SA,99
2011-10-14,2011,WA,63
2011-10-14,2011,Tas,6
2011-10-14,2011,ACT,2
2011-10-14,2011,NT,12
2011-10-21,2011,NSW,74
2011-10-21,2011,Vic,83
2011-10-21,2011,Qld,72
2011-10-21,2011,SA,70
2011-10-21,2011,WA,44
2011-10-21,2011,Tas,1
2011-10-21,2011,ACT,4
2011-10-21,2011,NT,8
2011-10-28,2011,NSW,81
2011-10-28,2011,Vic,54
2011-10-28,2011,Qld,56
2011-10-28,2011,SA,53
2011-10-28,2011,WA,19
2011-10-28,2011,Tas,3
2011-10-28,2011,ACT,2
2011-10-28,2011,NT,2
2011-11-04,2011,NSW,52
2011-11-04,2011,Vic,43
2011-11-04,2011,Qld,52
2011-11-04,2011,SA,47
2011-11-04,2011,WA,25
2011-11-04,2011,Tas,2
2011-11-04,2011,ACT,1
2011-11-04,2011,NT,3
2011-11-11,2011,NSW,34
2011-11-11,2011,Vic,45
2011-11-11,2011,Qld,44
2011-11-11,2011,SA,28
2011-11-11,2011,WA,31
2011-11-11,2011,Tas,1
2011-11-11,2011,ACT,10
2011-11-11,2011,NT,2
2011-11-18,2011,NSW,69
2011-11-18,2011,Vic,27
2011-11-18,2011,Qld,37
2011-11-18,2011,SA,18
2011-11-18,2011,WA,35
2011-11-18,2011,Tas,3
2011-11-18,2011,ACT,2
2011-11-18,2011,NT,5
2011-11-25,2011,NSW,32
2011-11-25,2011,Vic,24
2011-11-25,2011,Qld,23
2011-11-25,2011,SA,17
2011-11-25,2011,WA,26
2011-11-25,2011,Tas,3
2011-11-25,2011,ACT,1
2011-11-25,2011,NT,1
2011-12-02,2011,NSW,33
2011-12-02,2011,Vic,22
2011-12-02,2011,Qld,30
2011-12-02,2011,SA,11
2011-12-02,2011,WA,29
2011-12-02,2011,Tas,1
2011-12-02,2011,ACT,3
2011-12-02,2011,NT,5
2011-12-09,2011,NSW,26
2011-12-09,2011,Vic,29
2011-12-09,2011,Qld,34
2011-12-09,2011,SA,12
2011-12-09,2011,WA,17
2011-12-09,2011,Tas,1
2011-12-09,2011,ACT,4
2011-12-09,2011,NT,1
2011-12-16,2011,NSW,30
2011-12-16,2011,Vic,18
2011-12-16,2011,Qld,32
2011-12-16,2011,SA,9
2011-12-16,2011,WA,22
2011-12-16,2011,ACT,3
2011-12-16,2011,NT,4
2011-12-23,2011,NSW,43
2011-12-23,2011,Vic,16
2011-12-23,2011,Qld,24
2011-12-23,2011,SA,5
2011-12-23,2011,WA,35
2011-12-23,2011,Tas,3
2011-12-23,2011,ACT,1
2011-12-30,2011,NSW,5
2011-12-30,2011,Vic,11
2011-12-30,2011,Qld,17
2011-12-30,2011,SA,7
2011-12-30,2011,WA,6
2011-12-30,2011,Tas,2
2011-12-30,2011,ACT,1
2011-12-30,2011,NT,2
2012-01-06,2012,NSW,18
2012-01-06,2012,Vic,9
2012-01-06,2012,Qld,22
2012-01-06,2012,SA,7
2012-01-06,2012,WA,13
2012-01-06,2012,NT,1
2012-01-13,2012,NSW,13
2012-01-13,2012,Vic,5
2012-01-13,2012,Qld,24
2012-01-13,2012,SA,4
2012-01-13,2012,WA,16
2012-01-13,2012,Tas,1
2012-01-13,2012,ACT,1
2012-01-13,2012,NT,2
2012-01-20,2012,NSW,13
2012-01-20,2012,Vic,19
2012-01-20,2012,Qld,18
2012-01-20,2012,SA,7
2012-01-20,2012,WA,21
2012-01-20,2012,ACT,2
2012-01-20,2012,NT,1
2012-01-27,2012,NSW,11
2012-01-27,2012,Vic,18
2012-01-27,2012,Qld,24
2012-01-27,2012,SA,9
2012-01-27,2012,WA,11
2012-01-27,2012,NT,2
2012-02-03,2012,NSW,16
2012-02-03,2012,Vic,12
2012-02-03,2012,Qld,22
2012-02-03,2012,SA,9
2012-02-03,2012,WA,9
2012-02-03,2012,Tas,1
2012-02-03,2012,NT,1
2012-02-10,2012,NSW,10
2012-02-10,2012,Vic,6
2012-02-10,2012,Qld,22
2012-02-10,2012,SA,12
2012-02-10,2012,WA,14
2012-02-10,2012,Tas,2
2012-02-10,2012,ACT,1
2012-02-10,2012,NT,1
2012-02-17,2012,NSW,11
2012-02-17,2012,Vic,8
2012-02-17,2012,Qld,28
2012-02-17,2012,SA,6
2012-02-17,2012,WA,18
2012-02-17,2012,ACT,1
2012-02-24,2012,NSW,19
2012-02-24,2012,Vic,7
2012-02-24,2012,Qld,31
2012-02-24,2012,SA,7
2012-02-24,2012,WA,24
2012-02-24,2012,Tas,1
2012-02-24,2012,ACT,2
2012-03-02,2012,NSW,19
2012-03-02,2012,Vic,20
2012-03-02,2012,Qld,42
2012-03-02,2012,SA,13
2012-03-02,2012,WA,28
2012-03-02,2012,Tas,1
2012-03-09,2012,NSW,17
2012-03-09,2012,Vic,23
2012-03-09,2012,Qld,39
2012-03-09,2012,SA,15
2012-03-09,2012,WA,17
2012-03-09,2012,Tas,2
2012-03-09,2012,ACT,1
2012-03-16,2012,NSW,31
2012-03-16,2012,Vic,15
2012-03-16,2012,Qld,30
2012-03-16,2012,SA,9
2012-03-16,2012,WA,31
2012-03-16,2012,ACT,1
2012-03-16,2012,NT,2
2012-03-23,2012,NSW,35
2012-03-23,2012,Vic,22
2012-03-23,2012,Qld,55
2012-03-23,2012,SA,21
2012-03-23,2012,WA,23
2012-03-23,2012,Tas,1
2012-03-23,2012,ACT,1
2012-03-23,2012,NT,6
2012-03-30,2012,NSW,31
2012-03-30,2012,Vic,22
2012-03-30,2012,Qld,34
2012-03-30,2012,SA,21
2012-03-30,2012,WA,41
2012-03-30,2012,Tas,1
2012-03-30,2012,ACT,1
2012-03-30,2012,NT,5
2012-04-06,2012,NSW,23
2012-04-06,2012,Vic,27
2012-04-06,2012,Qld,30
2012-04-06,2012,SA,25
2012-04-06,2012,WA,20
2012-04-06,2012,Tas,2
2012-04-06,2012,ACT,3
2012-04-06,2012,NT,5
2012-04-13,2012,NSW,21
2012-04-13,2012,Vic,17
2012-04-13,2012,Qld,41
2012-04-13,2012,SA,16
2012-04-13,2012,WA,19
2012-04-13,2012,ACT,2
2012-04-13,2012,NT,5
2012-04-20,2012,NSW,20
2012-04-20,2012,Vic,21
2012-04-20,2012,Qld,44
2012-04-20,2012,SA,19
2012-04-20,2012,WA,28
2012-04-20,2012,Tas,2
2012-04-20,2012,ACT,6
2012-04-20,2012,NT,4
2012-04-27,2012,NSW,18
2012-04-27,2012,Vic,23
2012-04-27,2012,Qld,36
2012-04-27,2012,SA,9
2012-04-27,2012,WA,20
2012-04-27,2012,Tas,1
2012-04-27,2012,ACT,2
2012-04-27,2012,NT,7
2012-05-04,2012,NSW,33
2012-05-04,2012,Vic,23
2012-05-04,2012,Qld,46
2012-05-04,2012,SA,25
2012-05-04,2012,WA,18
2012-05-04,2012,Tas,2
2012-05-04,2012,ACT,3
2012-05-04,2012,NT,4
2012-05-11,2012,NSW,28
2012-05-11,2012,Vic,25
2012-05-11,2012,Qld,63
2012-05-11,2012,SA,12
2012-05-11,2012,WA,26
2012-05-11,2012,ACT,1
2012-05-11,2012,NT,11
2012-05-18,2012,NSW,43
2012-05-18,2012,Vic,26
2012-05-18,2012,Qld,53
2012-05-18,2012,SA,21
2012-05-18,2012,WA,32
2012-05-18,2012,Tas,1
2012-05-18,2012,ACT,1
2012-05-18,2012,NT,9
2012-05-25,2012,NSW,110
2012-05-25,2012,Vic,24
2012-05-25,2012,Qld,86
2012-05-25,2012,SA,42
2012-05-25,2012,WA,44
2012-05-25,2012,Tas,1
2012-05-25,2012,ACT,3
2012-05-25,2012,NT,11
2012-06-01,2012,NSW,153
2012-06-01,2012,Vic,40
2012-06-01,2012,Qld,143
2012-06-01,2012,SA,99
2012-06-01,2012,WA,44
2012-06-01,2012,Tas,4
2012-06-01,2012,ACT,5
2012-06-01,2012,NT,18
2012-06-08,2012,NSW,269
2012-06-08,2012,Vic,94
2012-06-08,2012,Qld,178
2012-06-08,2012,SA,124
2012-06-08,2012,WA,60
2012-06-08,2012,Tas,1
2012-06-08,2012,ACT,7
2012-06-08,2012,NT,21
2012-06-15,2012,NSW,374
2012-06-15,2012,Vic,92
2012-06-15,2012,Qld,197
2012-06-15,2012,SA,199
2012-06-15,2012,WA,71
2012-06-15,2012,Tas,8
2012-06-15,2012,ACT,10
2012-06-15,2012,NT,15
2012-06-22,2012,NSW,527
2012-06-22,2012,Vic,145
2012-06-22,2012,Qld,317
2012-06-22,2012,SA,317
2012-06-22,2012,WA,88
2012-06-22,2012,Tas,13
2012-06-22,2012,ACT,28
2012-06-22,2012,NT,13
2012-06-29,2012,NSW,661
2012-06-29,2012,Vic,213
2012-06-29,2012,Qld,426
2012-06-29,2012,SA,443
2012-06-29,2012,WA,204
2012-06-29,2012,Tas,22
2012-06-29,2012,ACT,51
2012-06-29,2012,NT,21
2012-07-06,2012,NSW,685
2012-07-06,2012,Vic,358
2012-07-06,2012,Qld,566
2012-07-06,2012,SA,572
2012-07-06,2012,WA,328
2012-07-06,2012,Tas,52
2012-07-06,2012,ACT,98
2012-07-06,2012,NT,21
2012-07-13,2012,NSW,708
2012-07-13,2012,Vic,431
2012-07-13,2012,Qld,881
2012-07-13,2012,SA,559
2012-07-13,2012,WA,434
2012-07-13,2012,Tas,127
2012-07-13,2012,ACT,100
2012-07-13,2012,NT,32
2012-07-20,2012,NSW,485
2012-07-20,2012,Vic,412
2012-07-20,2012,Qld,1154
2012-07-20,2012,SA,440
2012-07-20,2012,WA,514
2012-07-20,2012,Tas,208
2012-07-20,2012,ACT,64
2012-07-20,2012,NT,19
2012-07-27,2012,NSW,411
2012-07-27,2012,Vic,432
2012-07-27,2012,Qld,1246
2012-07-27,2012,SA,414
2012-07-27,2012,WA,454
2012-07-27,2012,Tas,176
2012-07-27,2012,ACT,53
2012-07-27,2012,NT,18
2012-08-03,2012,NSW,362
2012-08-03,2012,Vic,448
2012-08-03,2012,Qld,1455
2012-08-03,2012,SA,414
2012-08-03,2012,WA,513
2012-08-03,2012,Tas,174
2012-08-03,2012,ACT,46
2012-08-03,2012,NT,21
2012-08-10,2012,NSW,405
2012-08-10,2012,Vic,462
2012-08-10,2012,Qld,1798
2012-08-10,2012,SA,390
2012-08-10,2012,WA,445
2012-08-10,2012,Tas,107
2012-08-10,2012,ACT,19
2012-08-10,2012,NT,17
2012-08-17,2012,NSW,427
2012-08-17,2012,Vic,361
2012-08-17,2012,Qld,1931
2012-08-17,2012,SA,283
2012-08-17,2012,WA,384
2012-08-17,2012,Tas,65
2012-08-17,2012,ACT,30
2012-08-17,2012,NT,14
2012-08-24,2012,NSW,370
2012-08-24,2012,Vic,382
2012-08-24,2012,Qld,1664
2012-08-24,2012,SA,246
2012-08-24,2012,WA,340
2012-08-24,2012,Tas,35
2012-08-24,2012,ACT,18
2012-08-24,2012,NT,18
2012-08-31,2012,NSW,300
2012-08-31,2012,Vic,307
2012-08-31,2012,Qld,1276
2012-08-31,2012,SA,160
2012-08-31,2012,WA,236
2012-08-31,2012,Tas,18
2012-08-31,2012,ACT,21
2012-08-31,2012,NT,11
2012-09-07,2012,NSW,238
2012-09-07,2012,Vic,322
2012-09-07,2012,Qld,798
2012-09-07,2012,SA,152
2012-09-07,2012,WA,179
2012-09-07,2012,Tas,10
2012-09-07,2012,ACT,15
2012-09-07,2012,NT,11
2012-09-14,2012,NSW,236
2012-09-14,2012,Vic,237
2012-09-14,2012,Qld,568
2012-09-14,2012,SA,113
2012-09-14,2012,WA,113
2012-09-14,2012,Tas,12
2012-09-14,2012,ACT,12
2012-09-14,2012,NT,11
2012-09-21,2012,NSW,182
2012-09-21,2012,Vic,181
2012-09-21,2012,Qld,424
2012-09-21,2012,SA,90
2012-09-21,2012,WA,86
2012-09-21,2012,Tas,6
2012-09-21,2012,ACT,11
2012-09-21,2012,NT,6
2012-09-28,2012,NSW,137
2012-09-28,2012,Vic,131
2012-09-28,2012,Qld,216
2012-09-28,2012,SA,87
2012-09-28,2012,WA,43
2012-09-28,2012,Tas,3
2012-09-28,2012,ACT,5
2012-09-28,2012,NT,8
2012-10-05,2012,NSW,92
2012-10-05,2012,Vic,87
2012-10-05,2012,Qld,145
2012-10-05,2012,SA,59
2012-10-05,2012,WA,30
2012-10-05,2012,Tas,3
2012-10-05,2012,ACT,4
2012-10-05,2012,NT,10
2012-10-12,2012,NSW,64
2012-10-12,2012,Vic,82
2012-10-12,2012,Qld,118
2012-10-12,2012,SA,46
2012-10-12,2012,WA,27
2012-10-12,2012,Tas,3
2012-10-12,2012,ACT,1
2012-10-12,2012,NT,8
2012-10-19,2012,NSW,53
2012-10-19,2012,Vic,51
2012-10-19,2012,Qld,91
2012-10-19,2012,SA,58
2012-10-19,2012,WA,25
2012-10-19,2012,Tas,4
2012-10-19,2012,ACT,2
2012-10-19,2012,NT,5
2012-10-26,2012,NSW,60
2012-10-26,2012,Vic,40
2012-10-26,2012,Qld,68
2012-10-26,2012,SA,52
2012-10-26,2012,WA,13
2012-10-26,2012,Tas,5
2012-10-26,2012,ACT,2
2012-10-26,2012,NT,6
2012-11-02,2012,NSW,27
2012-11-02,2012,Vic,46
2012-11-02,2012,Qld,90
2012-11-02,2012,SA,53
2012-11-02,2012,WA,15
2012-11-02,2012,Tas,6
2012-11-02,2012,ACT,1
2012-11-02,2012,NT,4
2012-11-09,2012,NSW,29
2012-11-09,2012,Vic,46
2012-11-09,2012,Qld,56
2012-11-09,2012,SA,67
2012-11-09,2012,WA,25
2012-11-09,2012,Tas,6
2012-11-09,2012,ACT,4
2012-11-09,2012,NT,7
2012-11-16,2012,NSW,31
2012-11-16,2012,Vic,42
2012-11-16,2012,Qld,48
2012-11-16,2012,SA,90
2012-11-16,2012,WA,29
2012-11-16,2012,Tas,3
2012-11-16,2012,ACT,4
2012-11-16,2012,NT,6
2012-11-23,2012,NSW,41
2012-11-23,2012,Vic,36
2012-11-23,2012,Qld,39
2012-11-23,2012,SA,88
2012-11-23,2012,WA,10
2012-11-23,2012,ACT,2
2012-11-23,2012,NT,9
2012-11-30,2012,NSW,25
2012-11-30,2012,Vic,36
2012-11-30,2012,Qld,37
2012-11-30,2012,SA,102
2012-11-30,2012,WA,10
2012-11-30,2012,Tas,1
2012-11-30,2012,ACT,5
2012-11-30,2012,NT,11
2012-12-07,2012,NSW,22
2012-12-07,2012,Vic,28
2012-12-07,2012,Qld,31
2012-12-07,2012,SA,79
2012-12-07,2012,WA,17
2012-12-07,2012,Tas,2
2012-12-07,2012,ACT,4
2012-12-07,2012,NT,2
2012-12-14,2012,NSW,45
2012-12-14,2012,Vic,38
2012-12-14,2012,Qld,36
2012-12-14,2012,SA,82
2012-12-14,2012,WA,9
2012-12-14,2012,Tas,1
2012-12-14,2012,ACT,6
2012-12-21,2012,NSW,18
2012-12-21,2012,Vic,16
2012-12-21,2012,Qld,29
2012-12-21,2012,SA,53
2012-12-21,2012,WA,8
2012-12-21,2012,Tas,1
2012-12-21,2012,ACT,4
2012-12-21,2012,NT,3
2012-12-28,2012,NSW,8
2012-12-28,2012,Vic,16
2012-12-28,2012,Qld,13
2012-12-28,2012,SA,33
2012-12-28,2012,WA,6
2012-12-28,2012,ACT,2
2013-01-04,2013,NSW,23
2013-01-04,2013,Vic,24
2013-01-04,2013,Qld,27
2013-01-04,2013,SA,51
2013-01-04,2013,WA,9
2013-01-04,2013,Tas,1
2013-01-04,2013,ACT,1
2013-01-04,2013,NT,1
2013-01-11,2013,NSW,26
2013-01-11,2013,Vic,33
2013-01-11,2013,Qld,49
2013-01-11,2013,SA,36
2013-01-11,2013,WA,18
2013-01-11,2013,Tas,1
2013-01-11,2013,ACT,2
2013-01-11,2013,NT,1
2013-01-18,2013,NSW,32
2013-01-18,2013,Vic,32
2013-01-18,2013,Qld,68
2013-01-18,2013,SA,24
2013-01-18,2013,WA,26
2013-01-18,2013,ACT,5
2013-01-18,2013,NT,1
2013-01-25,2013,NSW,16
2013-01-25,2013,Vic,31
2013-01-25,2013,Qld,62
2013-01-25,2013,SA,21
2013-01-25,2013,WA,20
2013-01-25,2013,ACT,1
2013-01-25,2013,NT,4
2013-02-01,2013,NSW,31
2013-02-01,2013,Vic,28
2013-02-01,2013,Qld,51
2013-02-01,2013,SA,23
2013-02-01,2013,WA,19
2013-02-01,2013,Tas,1
2013-02-01,2013,ACT,4
2013-02-01,2013,NT,3
2013-02-08,2013,NSW,35
2013-02-08,2013,Vic,40
2013-02-08,2013,Qld,69
2013-02-08,2013,SA,18
2013-02-08,2013,WA,21
2013-02-08,2013,ACT,2
2013-02-08,2013,NT,10
2013-02-15,2013,NSW,33
2013-02-15,2013,Vic,23
2013-02-15,2013,Qld,66
2013-02-15,2013,SA,15
2013-02-15,2013,WA,25
2013-02-15,2013,Tas,1
2013-02-15,2013,ACT,3
2013-02-15,2013,NT,11
2013-02-22,2013,NSW,30
2013-02-22,2013,Vic,29
2013-02-22,2013,Qld,47
2013-02-22,2013,SA,23
2013-02-22,2013,WA,10
2013-02-22,2013,Tas,2
2013-02-22,2013,ACT,1
2013-02-22,2013,NT,11
2013-03-01,2013,NSW,36
2013-03-01,2013,Vic,21
2013-03-01,2013,Qld,76
2013-03-01,2013,SA,18
2013-03-01,2013,WA,28
2013-03-01,2013,ACT,2
2013-03-01,2013,NT,23
2013-03-08,2013,NSW,43
2013-03-08,2013,Vic,22
2013-03-08,2013,Qld,69
2013-03-08,2013,SA,24
2013-03-08,2013,WA,17
2013-03-08,2013,Tas,1
2013-03-08,2013,ACT,3
2013-03-08,2013,NT,27
2013-03-15,2013,NSW,37
2013-03-15,2013,Vic,16
2013-03-15,2013,Qld,74
2013-03-15,2013,SA,18
2013-03-15,2013,WA,37
2013-03-15,2013,ACT,6
2013-03-15,2013,NT,20
2013-03-22,2013,NSW,24
2013-03-22,2013,Vic,19
2013-03-22,2013,Qld,79
2013-03-22,2013,SA,36
2013-03-22,2013,WA,41
2013-03-22,2013,Tas,1
2013-03-22,2013,ACT,1
2013-03-22,2013,NT,13
2013-03-29,2013,NSW,31
2013-03-29,2013,Vic,15
2013-03-29,2013,Qld,61
2013-03-29,2013,SA,32
2013-03-29,2013,WA,18
2013-03-29,2013,ACT,5
2013-03-29,2013,NT,6
2013-04-05,2013,NSW,34
2013-04-05,2013,Vic,17
2013-04-05,2013,Qld,56
2013-04-05,2013,SA,22
2013-04-05,2013,WA,19
2013-04-05,2013,Tas,2
2013-04-05,2013,ACT,3
2013-04-05,2013,NT,6
2013-04-12,2013,NSW,32
2013-04-12,2013,Vic,16
2013-04-12,2013,Qld,58
2013-04-12,2013,SA,23
2013-04-12,2013,WA,24
2013-04-12,2013,Tas,1
2013-04-12,2013,ACT,1
2013-04-12,2013,NT,9
2013-04-19,2013,NSW,23
2013-04-19,2013,Vic,14
2013-04-19,2013,Qld,55
2013-04-19,2013,SA,23
2013-04-19,2013,WA,11
2013-04-19,2013,ACT,6
2013-04-19,2013,NT,4
2013-04-26,2013,NSW,32
2013-04-26,2013,Vic,20
2013-04-26,2013,Qld,32
2013-04-26,2013,SA,20
2013-04-26,2013,WA,16
2013-04-26,2013,Tas,2
2013-04-26,2013,ACT,3
2013-04-26,2013,NT,1
2013-05-03,2013,NSW,29
2013-05-03,2013,Vic,28
2013-05-03,2013,Qld,48
2013-05-03,2013,SA,17
2013-05-03,2013,WA,13
2013-05-03,2013,Tas,1
2013-05-03,2013,NT,2
2013-05-10,2013,NSW,32
2013-05-10,2013,Vic,30
2013-05-10,2013,Qld,47
2013-05-10,2013,SA,23
2013-05-10,2013,WA,11
2013-05-10,2013,Tas,1
2013-05-10,2013,ACT,9
2013-05-10,2013,NT,2
2013-05-17,2013,NSW,32
2013-05-17,2013,Vic,39
2013-05-17,2013,Qld,55
2013-05-17,2013,SA,32
2013-05-17,2013,WA,17
2013-05-17,2013,ACT,2
2013-05-17,2013,NT,5
2013-05-24,2013,NSW,32
2013-05-24,2013,Vic,36
2013-05-24,2013,Qld,57
2013-05-24,2013,SA,39
2013-05-24,2013,WA,17
2013-05-24,2013,ACT,5
2013-05-31,2013,NSW,50
2013-05-31,2013,Vic,39
2013-05-31,2013,Qld,43
2013-05-31,2013,SA,37
2013-05-31,2013,WA,17
2013-05-31,2013,ACT,1
2013-05-31,2013,NT,2
2013-06-07,2013,NSW,62
2013-06-07,2013,Vic,45
2013-06-07,2013,Qld,58
2013-06-07,2013,SA,49
2013-06-07,2013,WA,13
2013-06-07,2013,Tas,1
2013-06-07,2013,ACT,4
2013-06-07,2013,NT,1
2013-06-14,2013,NSW,63
2013-06-14,2013,Vic,46
2013-06-14,2013,Qld,40
2013-06-14,2013,SA,24
2013-06-14,2013,WA,19
2013-06-14,2013,Tas,1
2013-06-14,2013,ACT,2
2013-06-14,2013,NT,3
2013-06-21,2013,NSW,84
2013-06-21,2013,Vic,59
2013-06-21,2013,Qld,40
2013-06-21,2013,SA,46
2013-06-21,2013,WA,21
2013-06-21,2013,Tas,1
2013-06-21,2013,ACT,6
2013-06-21,2013,NT,2
2013-06-28,2013,NSW,116
2013-06-28,2013,Vic,87
2013-06-28,2013,Qld,55
2013-06-28,2013,SA,54
2013-06-28,2013,WA,13
2013-06-28,2013,Tas,2
2013-06-28,2013,ACT,7
2013-06-28,2013,NT,2
2013-07-05,2013,NSW,139
2013-07-05,2013,Vic,132
2013-07-05,2013,Qld,52
2013-07-05,2013,SA,82
2013-07-05,2013,WA,41
2013-07-05,2013,Tas,2
2013-07-05,2013,ACT,7
2013-07-05,2013,NT,2
2013-07-12,2013,NSW,151
2013-07-12,2013,Vic,175
2013-07-12,2013,Qld,89
2013-07-12,2013,SA,82
2013-07-12,2013,WA,42
2013-07-12,2013,Tas,3
2013-07-12,2013,ACT,6
2013-07-19,2013,NSW,211
2013-07-19,2013,Vic,171
2013-07-19,2013,Qld,107
2013-07-19,2013,SA,85
2013-07-19,2013,WA,50
2013-07-19,2013,Tas,6
2013-07-19,2013,ACT,19
2013-07-19,2013,NT,3
2013-07-26,2013,NSW,242
2013-07-26,2013,Vic,163
2013-07-26,2013,Qld,116
2013-07-26,2013,SA,98
2013-07-26,2013,WA,54
2013-07-26,2013,Tas,3
2013-07-26,2013,ACT,16
2013-07-26,2013,NT,3
2013-08-02,2013,NSW,332
2013-08-02,2013,Vic,211
2013-08-02,2013,Qld,163
2013-08-02,2013,SA,131
2013-08-02,2013,WA,98
2013-08-02,2013,Tas,9
2013-08-02,2013,ACT,18
2013-08-02,2013,NT,2
2013-08-09,2013,NSW,510
2013-08-09,2013,Vic,302
2013-08-09,2013,Qld,173
2013-08-09,2013,SA,161
2013-08-09,2013,WA,96
2013-08-09,2013,Tas,6
2013-08-09,2013,ACT,28
2013-08-09,2013,NT,4
2013-08-16,2013,NSW,639
2013-08-16,2013,Vic,349
2013-08-16,2013,Qld,240
2013-08-16,2013,SA,198
2013-08-16,2013,WA,96
2013-08-16,2013,Tas,16
2013-08-16,2013,ACT,29
2013-08-16,2013,NT,3
2013-08-23,2013,NSW,760
2013-08-23,2013,Vic,472
2013-08-23,2013,Qld,222
2013-08-23,2013,SA,252
2013-08-23,2013,WA,123
2013-08-23,2013,Tas,22
2013-08-23,2013,ACT,36
2013-08-23,2013,NT,10
2013-08-30,2013,NSW,985
2013-08-30,2013,Vic,520
2013-08-30,2013,Qld,339
2013-08-30,2013,SA,290
2013-08-30,2013,WA,129
2013-08-30,2013,Tas,13
2013-08-30,2013,ACT,72
2013-08-30,2013,NT,12
2013-09-06,2013,NSW,868
2013-09-06,2013,Vic,402
2013-09-06,2013,Qld,285
2013-09-06,2013,SA,283
2013-09-06,2013,WA,127
2013-09-06,2013,Tas,14
2013-09-06,2013,ACT,62
2013-09-06,2013,NT,23
2013-09-13,2013,NSW,638
2013-09-13,2013,Vic,369
2013-09-13,2013,Qld,272
2013-09-13,2013,SA,224
2013-09-13,2013,WA,129
2013-09-13,2013,Tas,13
2013-09-13,2013,ACT,40
2013-09-13,2013,NT,14
2013-09-20,2013,NSW,414
2013-09-20,2013,Vic,302
2013-09-20,2013,Qld,220
2013-09-20,2013,SA,226
2013-09-20,2013,WA,149
2013-09-20,2013,Tas,18
2013-09-20,2013,ACT,33
2013-09-20,2013,NT,15
2013-09-27,2013,NSW,304
2013-09-27,2013,Vic,228
2013-09-27,2013,Qld,237
2013-09-27,2013,SA,208
2013-09-27,2013,WA,125
2013-09-27,2013,Tas,29
2013-09-27,2013,ACT,19
2013-09-27,2013,NT,19
2013-10-04,2013,NSW,267
2013-10-04,2013,Vic,153
2013-10-04,2013,Qld,187
2013-10-04,2013,SA,185
2013-10-04,2013,WA,104
2013-10-04,2013,Tas,23
2013-10-04,2013,ACT,14
2013-10-04,2013,NT,14
2013-10-11,2013,NSW,171
2013-10-11,2013,Vic,148
2013-10-11,2013,Qld,152
2013-10-11,2013,SA,164
2013-10-11,2013,WA,95
2013-10-11,2013,Tas,19
2013-10-11,2013,ACT,8
2013-10-11,2013,NT,10
2013-10-18,2013,NSW,98
2013-10-18,2013,Vic,106
2013-10-18,2013,Qld,111
2013-10-18,2013,SA,114
2013-10-18,2013,WA,63
2013-10-18,2013,Tas,13
2013-10-18,2013,ACT,9
2013-10-18,2013,NT,10
2013-10-25,2013,NSW,113
2013-10-25,2013,Vic,109
2013-10-25,2013,Qld,130
2013-10-25,2013,SA,143
2013-10-25,2013,WA,63
2013-10-25,2013,Tas,8
2013-10-25,2013,ACT,10
2013-10-25,2013,NT,20
2013-11-01,2013,NSW,94
2013-11-01,2013,Vic,109
2013-11-01,2013,Qld,136
2013-11-01,2013,SA,149
2013-11-01,2013,WA,64
2013-11-01,2013,Tas,10
2013-11-01,2013,ACT,8
2013-11-01,2013,NT,11
2013-11-08,2013,NSW,81
2013-11-08,2013,Vic,80
2013-11-08,2013,Qld,137
2013-11-08,2013,SA,128
2013-11-08,2013,WA,52
2013-11-08,2013,Tas,8
2013-11-08,2013,ACT,4
2013-11-08,2013,NT,14
2013-11-15,2013,NSW,71
2013-11-15,2013,Vic,81
2013-11-15,2013,Qld,100
2013-11-15,2013,SA,184
2013-11-15,2013,WA,31
2013-11-15,2013,Tas,5
2013-11-15,2013,ACT,5
2013-11-15,2013,NT,10
2013-11-22,2013,NSW,55
2013-11-22,2013,Vic,104
2013-11-22,2013,Qld,85
2013-11-22,2013,SA,170
2013-11-22,2013,WA,28
2013-11-22,2013,Tas,10
2013-11-22,2013,ACT,5
2013-11-22,2013,NT,8
2013-11-29,2013,NSW,43
2013-11-29,2013,Vic,63
2013-11-29,2013,Qld,115
2013-11-29,2013,SA,114
2013-11-29,2013,WA,42
2013-11-29,2013,Tas,8
2013-11-29,2013,ACT,1
2013-11-29,2013,NT,15
2013-12-06,2013,NSW,56
2013-12-06,2013,Vic,73
2013-12-06,2013,Qld,125
2013-12-06,2013,SA,144
2013-12-06,2013,WA,26
2013-12-06,2013,Tas,9
2013-12-06,2013,ACT,6
2013-12-06,2013,NT,13
2013-12-13,2013,NSW,47
2013-12-13,2013,Vic,77
2013-12-13,2013,Qld,93
2013-12-13,2013,SA,107
2013-12-13,2013,WA,38
2013-12-13,2013,Tas,2
2013-12-13,2013,ACT,6
2013-12-13,2013,NT,21
2013-12-20,2013,NSW,53
2013-12-20,2013,Vic,77
2013-12-20,2013,Qld,99
2013-12-20,2013,SA,77
2013-12-20,2013,WA,8
2013-12-20,2013,Tas,3
2013-12-20,2013,ACT,5
2013-12-20,2013,NT,21
2013-12-27,2013,NSW,19
2013-12-27,2013,Vic,40
2013-12-27,2013,Qld,50
2013-12-27,2013,SA,70
2013-12-27,2013,WA,19
2013-12-27,2013,Tas,2
2013-12-27,2013,ACT,2
2013-12-27,2013,NT,12
2014-01-03,2014,NSW,36
2014-01-03,2014,Vic,60
2014-01-03,2014,Qld,62
2014-01-03,2014,SA,61
2014-01-03,2014,WA,23
2014-01-03,2014,Tas,4
2014-01-03,2014,ACT,1
2014-01-03,2014,NT,29
2014-01-10,2014,NSW,60
2014-01-10,2014,Vic,66
2014-01-10,2014,Qld,89
2014-01-10,2014,SA,64
2014-01-10,2014,WA,31
2014-01-10,2014,Tas,10
2014-01-10,2014,ACT,6
2014-01-10,2014,NT,11
2014-01-17,2014,NSW,74
2014-01-17,2014,Vic,56
2014-01-17,2014,Qld,135
2014-01-17,2014,SA,34
2014-01-17,2014,WA,26
2014-01-17,2014,Tas,4
2014-01-17,2014,ACT,5
2014-01-17,2014,NT,14
2014-01-24,2014,NSW,63
2014-01-24,2014,Vic,41
2014-01-24,2014,Qld,87
2014-01-24,2014,SA,33
2014-01-24,2014,WA,30
2014-01-24,2014,Tas,3
2014-01-24,2014,ACT,2
2014-01-24,2014,NT,25
2014-01-31,2014,NSW,62
2014-01-31,2014,Vic,60
2014-01-31,2014,Qld,105
2014-01-31,2014,SA,30
2014-01-31,2014,WA,30
2014-01-31,2014,Tas,2
2014-01-31,2014,ACT,5
2014-01-31,2014,NT,26
2014-02-07,2014,NSW,68
2014-02-07,2014,Vic,35
2014-02-07,2014,Qld,115
2014-02-07,2014,SA,27
2014-02-07,2014,WA,22
2014-02-07,2014,Tas,6
2014-02-07,2014,ACT,2
2014-02-07,2014,NT,31
2014-02-14,2014,NSW,45
2014-02-14,2014,Vic,28
2014-02-14,2014,Qld,106
2014-02-14,2014,SA,29
2014-02-14,2014,WA,36
2014-02-14,2014,Tas,3
2014-02-14,2014,ACT,4
2014-02-14,2014,NT,48
2014-02-21,2014,NSW,50
2014-02-21,2014,Vic,38
2014-02-21,2014,Qld,87
2014-02-21,2014,SA,25
2014-02-21,2014,WA,18
2014-02-21,2014,Tas,4
2014-02-21,2014,ACT,3
2014-02-21,2014,NT,31
2014-02-28,2014,NSW,55
2014-02-28,2014,Vic,46
2014-02-28,2014,Qld,88
2014-02-28,2014,SA,34
2014-02-28,2014,WA,43
2014-02-28,2014,Tas,3
2014-02-28,2014,ACT,5
2014-02-28,2014,NT,16
2014-03-07,2014,NSW,60
2014-03-07,2014,Vic,39
2014-03-07,2014,Qld,97
2014-03-07,2014,SA,43
2014-03-07,2014,WA,33
2014-03-07,2014,Tas,2
2014-03-07,2014,ACT,5
2014-03-07,2014,NT,9
2014-03-14,2014,NSW,43
2014-03-14,2014,Vic,39
2014-03-14,2014,Qld,116
2014-03-14,2014,SA,34
2014-03-14,2014,WA,28
2014-03-14,2014,Tas,5
2014-03-14,2014,ACT,4
2014-03-14,2014,NT,10
2014-03-21,2014,NSW,56
2014-03-21,2014,Vic,42
2014-03-21,2014,Qld,118
2014-03-21,2014,SA,41
2014-03-21,2014,WA,36
2014-03-21,2014,Tas,5
2014-03-21,2014,ACT,2
2014-03-21,2014,NT,3
2014-03-28,2014,NSW,50
2014-03-28,2014,Vic,39
2014-03-28,2014,Qld,108
2014-03-28,2014,SA,41
2014-03-28,2014,WA,24
2014-03-28,2014,ACT,4
2014-03-28,2014,NT,9
2014-04-04,2014,NSW,62
2014-04-04,2014,Vic,38
2014-04-04,2014,Qld,129
2014-04-04,2014,SA,43
2014-04-04,2014,WA,36
2014-04-04,2014,Tas,7
2014-04-04,2014,ACT,6
2014-04-04,2014,NT,10
2014-04-11,2014,NSW,59
2014-04-11,2014,Vic,22
2014-04-11,2014,Qld,106
2014-04-11,2014,SA,38
2014-04-11,2014,WA,34
2014-04-11,2014,Tas,5
2014-04-11,2014,ACT,5
2014-04-11,2014,NT,11
2014-04-18,2014,NSW,39
2014-04-18,2014,Vic,26
2014-04-18,2014,Qld,73
2014-04-18,2014,SA,26
2014-04-18,2014,WA,41
2014-04-18,2014,Tas,3
2014-04-18,2014,ACT,2
2014-04-18,2014,NT,4
2014-04-25,2014,NSW,36
2014-04-25,2014,Vic,37
2014-04-25,2014,Qld,64
2014-04-25,2014,SA,24
2014-04-25,2014,WA,20
2014-04-25,2014,Tas,2
2014-04-25,2014,ACT,1
2014-04-25,2014,NT,4
2014-05-02,2014,NSW,42
2014-05-02,2014,Vic,45
2014-05-02,2014,Qld,82
2014-05-02,2014,SA,22
2014-05-02,2014,WA,15
2014-05-02,2014,Tas,4
2014-05-02,2014,ACT,3
2014-05-02,2014,NT,2
2014-05-09,2014,NSW,75
2014-05-09,2014,Vic,64
2014-05-09,2014,Qld,109
2014-05-09,2014,SA,19
2014-05-09,2014,WA,31
2014-05-09,2014,Tas,4
2014-05-09,2014,ACT,11
2014-05-16,2014,NSW,50
2014-05-16,2014,Vic,64
2014-05-16,2014,Qld,131
2014-05-16,2014,SA,40
2014-05-16,2014,WA,34
2014-05-16,2014,Tas,3
2014-05-16,2014,ACT,6
2014-05-16,2014,NT,2
2014-05-23,2014,NSW,50
2014-05-23,2014,Vic,61
2014-05-23,2014,Qld,91
2014-05-23,2014,SA,24
2014-05-23,2014,WA,29
2014-05-23,2014,Tas,5
2014-05-23,2014,ACT,2
2014-05-23,2014,NT,3
2014-05-30,2014,NSW,59
2014-05-30,2014,Vic,67
2014-05-30,2014,Qld,114
2014-05-30,2014,SA,29
2014-05-30,2014,WA,32
2014-05-30,2014,Tas,5
2014-05-30,2014,ACT,3
2014-05-30,2014,NT,4
2014-06-06,2014,NSW,83
2014-06-06,2014,Vic,68
2014-06-06,2014,Qld,105
2014-06-06,2014,SA,36
2014-06-06,2014,WA,18
2014-06-06,2014,Tas,3
2014-06-06,2014,ACT,6
2014-06-06,2014,NT,5
2014-06-13,2014,NSW,62
2014-06-13,2014,Vic,96
2014-06-13,2014,Qld,117
2014-06-13,2014,SA,46
2014-06-13,2014,WA,40
2014-06-13,2014,Tas,3
2014-06-13,2014,ACT,4
2014-06-13,2014,NT,1
2014-06-20,2014,NSW,127
2014-06-20,2014,Vic,107
2014-06-20,2014,Qld,120
2014-06-20,2014,SA,70
2014-06-20,2014,WA,54
2014-06-20,2014,Tas,9
2014-06-20,2014,ACT,6
2014-06-20,2014,NT,3
2014-06-27,2014,NSW,201
2014-06-27,2014,Vic,139
2014-06-27,2014,Qld,209
2014-06-27,2014,SA,87
2014-06-27,2014,WA,64
2014-06-27,2014,Tas,25
2014-06-27,2014,ACT,9
2014-06-27,2014,NT,3
2014-07-04,2014,NSW,278
2014-07-04,2014,Vic,175
2014-07-04,2014,Qld,242
2014-07-04,2014,SA,112
2014-07-04,2014,WA,114
2014-07-04,2014,Tas,15
2014-07-04,2014,ACT,15
2014-07-04,2014,NT,4
2014-07-11,2014,NSW,475
2014-07-11,2014,Vic,177
2014-07-11,2014,Qld,275
2014-07-11,2014,SA,137
2014-07-11,2014,WA,152
2014-07-11,2014,Tas,18
2014-07-11,2014,ACT,13
2014-07-11,2014,NT,4
2014-07-18,2014,NSW,793
2014-07-18,2014,Vic,248
2014-07-18,2014,Qld,512
2014-07-18,2014,SA,166
2014-07-18,2014,WA,212
2014-07-18,2014,Tas,14
2014-07-18,2014,ACT,24
2014-07-18,2014,NT,7
2014-07-25,2014,NSW,1175
2014-07-25,2014,Vic,331
2014-07-25,2014,Qld,751
2014-07-25,2014,SA,221
2014-07-25,2014,WA,268
2014-07-25,2014,Tas,19
2014-07-25,2014,ACT,56
2014-07-25,2014,NT,13
2014-08-01,2014,NSW,1566
2014-08-01,2014,Vic,401
2014-08-01,2014,Qld,1174
2014-08-01,2014,SA,314
2014-08-01,2014,WA,272
2014-08-01,2014,Tas,27
2014-08-01,2014,ACT,55
2014-08-01,2014,NT,13
2014-08-08,2014,NSW,2017
2014-08-08,2014,Vic,499
2014-08-08,2014,Qld,1455
2014-08-08,2014,SA,508
2014-08-08,2014,WA,351
2014-08-08,2014,Tas,28
2014-08-08,2014,ACT,90
2014-08-08,2014,NT,19
2014-08-15,2014,NSW,2674
2014-08-15,2014,Vic,806
2014-08-15,2014,Qld,1719
2014-08-15,2014,SA,833
2014-08-15,2014,WA,396
2014-08-15,2014,Tas,52
2014-08-15,2014,ACT,110
2014-08-15,2014,NT,32
2014-08-22,2014,NSW,2785
2014-08-22,2014,Vic,952
2014-08-22,2014,Qld,1717
2014-08-22,2014,SA,1084
2014-08-22,2014,WA,481
2014-08-22,2014,Tas,80
2014-08-22,2014,ACT,182
2014-08-22,2014,NT,42
2014-08-29,2014,NSW,2115
2014-08-29,2014,Vic,891
2014-08-29,2014,Qld,1503
2014-08-29,2014,SA,1157
2014-08-29,2014,WA,406
2014-08-29,2014,Tas,64
2014-08-29,2014,ACT,162
2014-08-29,2014,NT,70
2014-09-05,2014,NSW,1591
2014-09-05,2014,Vic,808
2014-09-05,2014,Qld,1189
2014-09-05,2014,SA,1145
2014-09-05,2014,WA,338
2014-09-05,2014,Tas,55
2014-09-05,2014,ACT,103
2014-09-05,2014,NT,56
2014-09-12,2014,NSW,1174
2014-09-12,2014,Vic,769
2014-09-12,2014,Qld,1191
2014-09-12,2014,SA,1119
2014-09-12,2014,WA,294
2014-09-12,2014,Tas,51
2014-09-12,2014,ACT,103
2014-09-12,2014,NT,62
2014-09-19,2014,NSW,751
2014-09-19,2014,Vic,615
2014-09-19,2014,Qld,857
2014-09-19,2014,SA,908
2014-09-19,2014,WA,268
2014-09-19,2014,Tas,32
2014-09-19,2014,ACT,60
2014-09-19,2014,NT,44
2014-09-26,2014,NSW,507
2014-09-26,2014,Vic,482
2014-09-26,2014,Qld,623
2014-09-26,2014,SA,728
2014-09-26,2014,WA,190
2014-09-26,2014,Tas,27
2014-09-26,2014,ACT,50
2014-09-26,2014,NT,30
2014-10-03,2014,NSW,323
2014-10-03,2014,Vic,341
2014-10-03,2014,Qld,451
2014-10-03,2014,SA,414
2014-10-03,2014,WA,130
2014-10-03,2014,Tas,14
2014-10-03,2014,ACT,20
2014-10-03,2014,NT,23
2014-10-10,2014,NSW,202
2014-10-10,2014,Vic,182
2014-10-10,2014,Qld,290
2014-10-10,2014,SA,267
2014-10-10,2014,WA,101
2014-10-10,2014,Tas,17
2014-10-10,2014,ACT,17
2014-10-10,2014,NT,14
2014-10-17,2014,NSW,160
2014-10-17,2014,Vic,159
2014-10-17,2014,Qld,205
2014-10-17,2014,SA,178
2014-10-17,2014,WA,82
2014-10-17,2014,Tas,5
2014-10-17,2014,ACT,14
2014-10-17,2014,NT,7
2014-10-24,2014,NSW,110
2014-10-24,2014,Vic,140
2014-10-24,2014,Qld,169
2014-10-24,2014,SA,172
2014-10-24,2014,WA,54
2014-10-24,2014,Tas,5
2014-10-24,2014,ACT,10
2014-10-24,2014,NT,11
2014-10-31,2014,NSW,80
2014-10-31,2014,Vic,80
2014-10-31,2014,Qld,136
2014-10-31,2014,SA,141
2014-10-31,2014,WA,56
2014-10-31,2014,Tas,2
2014-10-31,2014,ACT,8
2014-10-31,2014,NT,12
2014-11-07,2014,NSW,67
2014-11-07,2014,Vic,64
2014-11-07,2014,Qld,93
2014-11-07,2014,SA,104
2014-11-07,2014,WA,43
2014-11-07,2014,Tas,2
2014-11-07,2014,ACT,12
2014-11-07,2014,NT,7
2014-11-14,2014,NSW,53
2014-11-14,2014,Vic,43
2014-11-14,2014,Qld,84
2014-11-14,2014,SA,103
2014-11-14,2014,WA,39
2014-11-14,2014,Tas,1
2014-11-14,2014,ACT,7
2014-11-14,2014,NT,3
2014-11-21,2014,NSW,43
2014-11-21,2014,Vic,61
2014-11-21,2014,Qld,53
2014-11-21,2014,SA,74
2014-11-21,2014,WA,34
2014-11-21,2014,Tas,3
2014-11-21,2014,ACT,6
2014-11-21,2014,NT,3
2014-11-28,2014,NSW,50
2014-11-28,2014,Vic,56
2014-11-28,2014,Qld,67
2014-11-28,2014,SA,60
2014-11-28,2014,WA,25
2014-11-28,2014,Tas,2
2014-11-28,2014,ACT,7
2014-11-28,2014,NT,5
2014-12-05,2014,NSW,50
2014-12-05,2014,Vic,63
2014-12-05,2014,Qld,92
2014-12-05,2014,SA,32
2014-12-05,2014,WA,29
2014-12-05,2014,Tas,6
2014-12-05,2014,ACT,10
2014-12-05,2014,NT,6
2014-12-12,2014,NSW,68
2014-12-12,2014,Vic,44
2014-12-12,2014,Qld,86
2014-12-12,2014,SA,35
2014-12-12,2014,WA,31
2014-12-12,2014,Tas,3
2014-12-12,2014,ACT,6
2014-12-12,2014,NT,20
2014-12-19,2014,NSW,57
2014-12-19,2014,Vic,36
2014-12-19,2014,Qld,97
2014-12-19,2014,SA,23
2014-12-19,2014,WA,25
2014-12-19,2014,Tas,6
2014-12-19,2014,ACT,4
2014-12-19,2014,NT,4
2014-12-26,2014,NSW,38
2014-12-26,2014,Vic,36
2014-12-26,2014,Qld,58
2014-12-26,2014,SA,17
2014-12-26,2014,WA,24
2014-12-26,2014,Tas,1
2014-12-26,2014,ACT,3
2014-12-26,2014,NT,4
2015-01-02,2015,NSW,48
2015-01-02,2015,Vic,26
2015-01-02,2015,Qld,103
2015-01-02,2015,SA,25
2015-01-02,2015,WA,26
2015-01-02,2015,ACT,5
2015-01-02,2015,NT,3
2015-01-09,2015,NSW,74
2015-01-09,2015,Vic,38
2015-01-09,2015,Qld,114
2015-01-09,2015,SA,22
2015-01-09,2015,WA,35
2015-01-09,2015,Tas,3
2015-01-09,2015,ACT,11
2015-01-09,2015,NT,5
2015-01-16,2015,NSW,65
2015-01-16,2015,Vic,39
2015-01-16,2015,Qld,132
2015-01-16,2015,SA,37
2015-01-16,2015,WA,48
2015-01-16,2015,Tas,2
2015-01-16,2015,ACT,5
2015-01-16,2015,NT,3
2015-01-23,2015,NSW,57
2015-01-23,2015,Vic,33
2015-01-23,2015,Qld,99
2015-01-23,2015,SA,25
2015-01-23,2015,WA,33
2015-01-23,2015,Tas,1
2015-01-23,2015,ACT,1
2015-01-23,2015,NT,4
2015-01-30,2015,NSW,70
2015-01-30,2015,Vic,50
2015-01-30,2015,Qld,86
2015-01-30,2015,SA,26
2015-01-30,2015,WA,31
2015-01-30,2015,ACT,2
2015-01-30,2015,NT,4
2015-02-06,2015,NSW,86
2015-02-06,2015,Vic,53
2015-02-06,2015,Qld,85
2015-02-06,2015,SA,39
2015-02-06,2015,WA,40
2015-02-06,2015,Tas,1
2015-02-06,2015,ACT,6
2015-02-06,2015,NT,3
2015-02-13,2015,NSW,74
2015-02-13,2015,Vic,44
2015-02-13,2015,Qld,92
2015-02-13,2015,SA,53
2015-02-13,2015,WA,38
2015-02-13,2015,ACT,7
2015-02-13,2015,NT,1
2015-02-20,2015,NSW,85
2015-02-20,2015,Vic,46
2015-02-20,2015,Qld,82
2015-02-20,2015,SA,71
2015-02-20,2015,WA,51
2015-02-20,2015,Tas,1
2015-02-20,2015,ACT,8
2015-02-20,2015,NT,2
2015-02-27,2015,NSW,105
2015-02-27,2015,Vic,42
2015-02-27,2015,Qld,119
2015-02-27,2015,SA,47
2015-02-27,2015,WA,38
2015-02-27,2015,Tas,5
2015-02-27,2015,ACT,7
2015-02-27,2015,NT,2
2015-03-06,2015,NSW,103
2015-03-06,2015,Vic,53
2015-03-06,2015,Qld,97
2015-03-06,2015,SA,65
2015-03-06,2015,WA,38
2015-03-06,2015,ACT,5
2015-03-13,2015,NSW,104
2015-03-13,2015,Vic,51
2015-03-13,2015,Qld,97
2015-03-13,2015,SA,80
2015-03-13,2015,WA,47
2015-03-13,2015,Tas,3
2015-03-13,2015,ACT,12
2015-03-13,2015,NT,3
2015-03-20,2015,NSW,90
2015-03-20,2015,Vic,75
2015-03-20,2015,Qld,122
2015-03-20,2015,SA,115
2015-03-20,2015,WA,48
2015-03-20,2015,Tas,7
2015-03-20,2015,ACT,8
2015-03-20,2015,NT,2
2015-03-27,2015,NSW,110
2015-03-27,2015,Vic,81
2015-03-27,2015,Qld,155
2015-03-27,2015,SA,104
2015-03-27,2015,WA,35
2015-03-27,2015,Tas,8
2015-03-27,2015,ACT,7
2015-03-27,2015,NT,6
2015-04-03,2015,NSW,90
2015-04-03,2015,Vic,84
2015-04-03,2015,Qld,127
2015-04-03,2015,SA,142
2015-04-03,2015,WA,57
2015-04-03,2015,Tas,11
2015-04-03,2015,ACT,8
2015-04-03,2015,NT,3
2015-04-10,2015,NSW,71
2015-04-10,2015,Vic,67
2015-04-10,2015,Qld,125
2015-04-10,2015,SA,134
2015-04-10,2015,WA,49
2015-04-10,2015,Tas,9
2015-04-10,2015,ACT,10
2015-04-10,2015,NT,5
2015-04-17,2015,NSW,117
2015-04-17,2015,Vic,106
2015-04-17,2015,Qld,180
2015-04-17,2015,SA,118
2015-04-17,2015,WA,42
2015-04-17,2015,Tas,6
2015-04-17,2015,ACT,6
2015-04-17,2015,NT,6
2015-04-24,2015,NSW,87
2015-04-24,2015,Vic,106
2015-04-24,2015,Qld,135
2015-04-24,2015,SA,94
2015-04-24,2015,WA,58
2015-04-24,2015,Tas,7
2015-04-24,2015,ACT,5
2015-04-24,2015,NT,3
2015-05-01,2015,NSW,119
2015-05-01,2015,Vic,92
2015-05-01,2015,Qld,124
2015-05-01,2015,SA,95
2015-05-01,2015,WA,72
2015-05-01,2015,Tas,8
2015-05-01,2015,ACT,15
2015-05-01,2015,NT,6
2015-05-08,2015,NSW,80
2015-05-08,2015,Vic,100
2015-05-08,2015,Qld,163
2015-05-08,2015,SA,97
2015-05-08,2015,WA,55
2015-05-08,2015,Tas,9
2015-05-08,2015,ACT,5
2015-05-08,2015,NT,1
2015-05-15,2015,NSW,97
2015-05-15,2015,Vic,97
2015-05-15,2015,Qld,187
2015-05-15,2015,SA,110
2015-05-15,2015,WA,73
2015-05-15,2015,Tas,5
2015-05-15,2015,ACT,2
2015-05-15,2015,NT,2
2015-05-22,2015,NSW,88
2015-05-22,2015,Vic,105
2015-05-22,2015,Qld,170
2015-05-22,2015,SA,119
2015-05-22,2015,WA,83
2015-05-22,2015,Tas,7
2015-05-22,2015,ACT,9
2015-05-22,2015,NT,5
2015-05-29,2015,NSW,90
2015-05-29,2015,Vic,103
2015-05-29,2015,Qld,202
2015-05-29,2015,SA,121
2015-05-29,2015,WA,74
2015-05-29,2015,Tas,8
2015-05-29,2015,ACT,10
2015-05-29,2015,NT,3
2015-06-05,2015,NSW,149
2015-06-05,2015,Vic,140
2015-06-05,2015,Qld,182
2015-06-05,2015,SA,159
2015-06-05,2015,WA,109
2015-06-05,2015,Tas,12
2015-06-05,2015,ACT,7
2015-06-05,2015,NT,4
2015-06-12,2015,NSW,197
2015-06-12,2015,Vic,193
2015-06-12,2015,Qld,225
2015-06-12,2015,SA,177
2015-06-12,2015,WA,113
2015-06-12,2015,Tas,9
2015-06-12,2015,ACT,10
2015-06-12,2015,NT,4
2015-06-19,2015,NSW,264
2015-06-19,2015,Vic,242
2015-06-19,2015,Qld,271
2015-06-19,2015,SA,251
2015-06-19,2015,WA,130
2015-06-19,2015,Tas,19
2015-06-19,2015,ACT,12
2015-06-19,2015,NT,4
2015-06-26,2015,NSW,302
2015-06-26,2015,Vic,290
2015-06-26,2015,Qld,363
2015-06-26,2015,SA,273
2015-06-26,2015,WA,153
2015-06-26,2015,Tas,22
2015-06-26,2015,ACT,8
2015-06-26,2015,NT,2
2015-07-03,2015,NSW,318
2015-07-03,2015,Vic,376
2015-07-03,2015,Qld,407
2015-07-03,2015,SA,388
2015-07-03,2015,WA,193
2015-07-03,2015,Tas,19
2015-07-03,2015,ACT,63
2015-07-03,2015,NT,5
2015-07-10,2015,NSW,385
2015-07-10,2015,Vic,463
2015-07-10,2015,Qld,487
2015-07-10,2015,SA,469
2015-07-10,2015,WA,215
2015-07-10,2015,Tas,24
2015-07-10,2015,ACT,70
2015-07-10,2015,NT,7
2015-07-17,2015,NSW,567
2015-07-17,2015,Vic,550
2015-07-17,2015,Qld,535
2015-07-17,2015,SA,460
2015-07-17,2015,WA,222
2015-07-17,2015,Tas,38
2015-07-17,2015,ACT,74
2015-07-17,2015,NT,4
2015-07-24,2015,NSW,818
2015-07-24,2015,Vic,634
2015-07-24,2015,Qld,894
2015-07-24,2015,SA,579
2015-07-24,2015,WA,240
2015-07-24,2015,Tas,34
2015-07-24,2015,ACT,59
2015-07-24,2015,NT,10
2015-07-31,2015,NSW,1158
2015-07-31,2015,Vic,900
2015-07-31,2015,Qld,1388
2015-07-31,2015,SA,689
2015-07-31,2015,WA,247
2015-07-31,2015,Tas,39
2015-07-31,2015,ACT,66
2015-07-31,2015,NT,14
2015-08-07,2015,NSW,1743
2015-08-07,2015,Vic,1248
2015-08-07,2015,Qld,1924
2015-08-07,2015,SA,1103
2015-08-07,2015,WA,292
2015-08-07,2015,Tas,59
2015-08-07,2015,ACT,79
2015-08-07,2015,NT,14
2015-08-14,2015,NSW,2571
2015-08-14,2015,Vic,1437
2015-08-14,2015,Qld,2486
2015-08-14,2015,SA,1235
2015-08-14,2015,WA,339
2015-08-14,2015,Tas,83
2015-08-14,2015,ACT,85
2015-08-14,2015,NT,26
2015-08-21,2015,NSW,3722
2015-08-21,2015,Vic,1601
2015-08-21,2015,Qld,3392
2015-08-21,2015,SA,1370
2015-08-21,2015,WA,333
2015-08-21,2015,Tas,165
2015-08-21,2015,ACT,110
2015-08-21,2015,NT,38
2015-08-28,2015,NSW,3559
2015-08-28,2015,Vic,1787
2015-08-28,2015,Qld,3211
2015-08-28,2015,SA,1314
2015-08-28,2015,WA,288
2015-08-28,2015,Tas,169
2015-08-28,2015,ACT,105
2015-08-28,2015,NT,35
2015-09-04,2015,NSW,3582
2015-09-04,2015,Vic,1586
2015-09-04,2015,Qld,2636
2015-09-04,2015,SA,1278
2015-09-04,2015,WA,296
2015-09-04,2015,Tas,150
2015-09-04,2015,ACT,89
2015-09-04,2015,NT,36
2015-09-11,2015,NSW,3031
2015-09-11,2015,Vic,1434
2015-09-11,2015,Qld,2318
2015-09-11,2015,SA,1210
2015-09-11,2015,WA,338
2015-09-11,2015,Tas,139
2015-09-11,2015,ACT,69
2015-09-11,2015,NT,43
2015-09-18,2015,NSW,2337
2015-09-18,2015,Vic,1030
2015-09-18,2015,Qld,1534
2015-09-18,2015,SA,858
2015-09-18,2015,WA,315
2015-09-18,2015,Tas,117
2015-09-18,2015,ACT,39
2015-09-18,2015,NT,55
2015-09-25,2015,NSW,1268
2015-09-25,2015,Vic,677
2015-09-25,2015,Qld,862
2015-09-25,2015,SA,661
2015-09-25,2015,WA,281
2015-09-25,2015,Tas,92
2015-09-25,2015,ACT,25
2015-09-25,2015,NT,40
2015-10-02,2015,NSW,869
2015-10-02,2015,Vic,397
2015-10-02,2015,Qld,605
2015-10-02,2015,SA,498
2015-10-02,2015,WA,221
2015-10-02,2015,Tas,49
2015-10-02,2015,ACT,17
2015-10-02,2015,NT,31
2015-10-09,2015,NSW,457
2015-10-09,2015,Vic,272
2015-10-09,2015,Qld,365
2015-10-09,2015,SA,346
2015-10-09,2015,WA,150
2015-10-09,2015,Tas,29
2015-10-09,2015,ACT,14
2015-10-09,2015,NT,25
2015-10-16,2015,NSW,308
2015-10-16,2015,Vic,138
2015-10-16,2015,Qld,288
2015-10-16,2015,SA,199
2015-10-16,2015,WA,105
2015-10-16,2015,Tas,18
2015-10-16,2015,ACT,11
2015-10-16,2015,NT,25
2015-10-23,2015,NSW,177
2015-10-23,2015,Vic,127
2015-10-23,2015,Qld,191
2015-10-23,2015,SA,130
2015-10-23,2015,WA,75
2015-10-23,2015,Tas,9
2015-10-23,2015,ACT,5
2015-10-23,2015,NT,14
2015-10-30,2015,NSW,123
2015-10-30,2015,Vic,64
2015-10-30,2015,Qld,123
2015-10-30,2015,SA,76
2015-10-30,2015,WA,34
2015-10-30,2015,Tas,10
2015-10-30,2015,ACT,5
2015-10-30,2015,NT,34
2015-11-06,2015,NSW,102
2015-11-06,2015,Vic,53
2015-11-06,2015,Qld,134
2015-11-06,2015,SA,58
2015-11-06,2015,WA,37
2015-11-06,2015,Tas,8
2015-11-06,2015,ACT,7
2015-11-06,2015,NT,19
2015-11-13,2015,NSW,85
2015-11-13,2015,Vic,32
2015-11-13,2015,Qld,82
2015-11-13,2015,SA,32
2015-11-13,2015,WA,30
2015-11-13,2015,Tas,3
2015-11-13,2015,ACT,4
2015-11-13,2015,NT,31
2015-11-20,2015,NSW,57
2015-11-20,2015,Vic,32
2015-11-20,2015,Qld,80
2015-11-20,2015,SA,27
2015-11-20,2015,WA,24
2015-11-20,2015,Tas,3
2015-11-20,2015,ACT,4
2015-11-20,2015,NT,25
2015-11-27,2015,NSW,53
2015-11-27,2015,Vic,22
2015-11-27,2015,Qld,69
2015-11-27,2015,SA,17
2015-11-27,2015,WA,20
2015-11-27,2015,Tas,2
2015-11-27,2015,ACT,5
2015-11-27,2015,NT,14
2015-12-04,2015,NSW,39
2015-12-04,2015,Vic,22
2015-12-04,2015,Qld,68
2015-12-04,2015,SA,13
2015-12-04,2015,WA,33
2015-12-04,2015,Tas,5
2015-12-04,2015,ACT,2
2015-12-04,2015,NT,14
2015-12-11,2015,NSW,45
2015-12-11,2015,Vic,15
2015-12-11,2015,Qld,65
2015-12-11,2015,SA,20
2015-12-11,2015,WA,40
2015-12-11,2015,Tas,3
2015-12-11,2015,ACT,3
2015-12-11,2015,NT,7
2015-12-18,2015,NSW,33
2015-12-18,2015,Vic,24
2015-12-18,2015,Qld,58
2015-12-18,2015,SA,20
2015-12-18,2015,WA,28
2015-12-18,2015,Tas,2
2015-12-18,2015,ACT,4
2015-12-18,2015,NT,12
2015-12-25,2015,NSW,36
2015-12-25,2015,Vic,17
2015-12-25,2015,Qld,52
2015-12-25,2015,SA,11
2015-12-25,2015,WA,24
2015-12-25,2015,Tas,3
2015-12-25,2015,ACT,4
2015-12-25,2015,NT,8
2016-01-01,2016,NSW,29
2016-01-01,2016,Vic,14
2016-01-01,2016,Qld,55
2016-01-01,2016,SA,12
2016-01-01,2016,WA,19
2016-01-01,2016,Tas,2
2016-01-01,2016,NT,6
2016-01-08,2016,NSW,81
2016-01-08,2016,Vic,40
2016-01-08,2016,Qld,81
2016-01-08,2016,SA,16
2016-01-08,2016,WA,31
2016-01-08,2016,Tas,2
2016-01-08,2016,ACT,2
2016-01-08,2016,NT,11
2016-01-15,2016,NSW,64
2016-01-15,2016,Vic,38
2016-01-15,2016,Qld,106
2016-01-15,2016,SA,22
2016-01-15,2016,WA,26
2016-01-15,2016,Tas,1
2016-01-15,2016,ACT,9
2016-01-15,2016,NT,6
2016-01-22,2016,NSW,108
2016-01-22,2016,Vic,29
2016-01-22,2016,Qld,91
2016-01-22,2016,SA,32
2016-01-22,2016,WA,26
2016-01-22,2016,Tas,2
2016-01-22,2016,ACT,4
2016-01-22,2016,NT,6
2016-01-29,2016,NSW,84
2016-01-29,2016,Vic,32
2016-01-29,2016,Qld,77
2016-01-29,2016,SA,29
2016-01-29,2016,WA,29
2016-01-29,2016,Tas,3
2016-01-29,2016,ACT,2
2016-01-29,2016,NT,8
2016-02-05,2016,NSW,116
2016-02-05,2016,Vic,50
2016-02-05,2016,Qld,100
2016-02-05,2016,SA,36
2016-02-05,2016,WA,42
2016-02-05,2016,Tas,4
2016-02-05,2016,ACT,5
2016-02-05,2016,NT,5
2016-02-12,2016,NSW,150
2016-02-12,2016,Vic,46
2016-02-12,2016,Qld,122
2016-02-12,2016,SA,23
2016-02-12,2016,WA,40
2016-02-12,2016,Tas,3
2016-02-12,2016,ACT,7
2016-02-12,2016,NT,5
2016-02-19,2016,NSW,148
2016-02-19,2016,Vic,44
2016-02-19,2016,Qld,197
2016-02-19,2016,SA,29
2016-02-19,2016,WA,47
2016-02-19,2016,Tas,4
2016-02-19,2016,ACT,2
2016-02-19,2016,NT,7
2016-02-26,2016,NSW,152
2016-02-26,2016,Vic,50
2016-02-26,2016,Qld,263
2016-02-26,2016,SA,41
2016-02-26,2016,WA,45
2016-02-26,2016,Tas,5
2016-02-26,2016,ACT,8
2016-02-26,2016,NT,9
2016-03-04,2016,NSW,181
2016-03-04,2016,Vic,65
2016-03-04,2016,Qld,266
2016-03-04,2016,SA,47
2016-03-04,2016,WA,54
2016-03-04,2016,Tas,7
2016-03-04,2016,ACT,3
2016-03-04,2016,NT,3
2016-03-11,2016,NSW,164
2016-03-11,2016,Vic,80
2016-03-11,2016,Qld,293
2016-03-11,2016,SA,40
2016-03-11,2016,WA,54
2016-03-11,2016,Tas,2
2016-03-11,2016,ACT,6
2016-03-11,2016,NT,4
2016-03-18,2016,NSW,159
2016-03-18,2016,Vic,72
2016-03-18,2016,Qld,261
2016-03-18,2016,SA,43
2016-03-18,2016,WA,53
2016-03-18,2016,Tas,7
2016-03-18,2016,ACT,8
2016-03-18,2016,NT,3
2016-03-25,2016,NSW,156
2016-03-25,2016,Vic,72
2016-03-25,2016,Qld,237
2016-03-25,2016,SA,44
2016-03-25,2016,WA,39
2016-03-25,2016,Tas,5
2016-03-25,2016,ACT,4
2016-03-25,2016,NT,2
2016-04-01,2016,NSW,172
2016-04-01,2016,Vic,77
2016-04-01,2016,Qld,216
2016-04-01,2016,SA,50
2016-04-01,2016,WA,31
2016-04-01,2016,Tas,5
2016-04-01,2016,ACT,4
2016-04-01,2016,NT,6
2016-04-08,2016,NSW,220
2016-04-08,2016,Vic,85
2016-04-08,2016,Qld,224
2016-04-08,2016,SA,75
2016-04-08,2016,WA,35
2016-04-08,2016,Tas,3
2016-04-08,2016,ACT,5
2016-04-08,2016,NT,5
2016-04-15,2016,NSW,222
2016-04-15,2016,Vic,117
2016-04-15,2016,Qld,189
2016-04-15,2016,SA,63
2016-04-15,2016,WA,39
2016-04-15,2016,Tas,3
2016-04-15,2016,ACT,7
2016-04-15,2016,NT,5
2016-04-22,2016,NSW,154
2016-04-22,2016,Vic,91
2016-04-22,2016,Qld,169
2016-04-22,2016,SA,64
2016-04-22,2016,WA,43
2016-04-22,2016,Tas,10
2016-04-22,2016,ACT,2
2016-04-22,2016,NT,6
2016-04-29,2016,NSW,117
2016-04-29,2016,Vic,75
2016-04-29,2016,Qld,150
2016-04-29,2016,SA,53
2016-04-29,2016,WA,41
2016-04-29,2016,Tas,8
2016-04-29,2016,ACT,2
2016-04-29,2016,NT,6
2016-05-06,2016,NSW,134
2016-05-06,2016,Vic,79
2016-05-06,2016,Qld,181
2016-05-06,2016,SA,44
2016-05-06,2016,WA,48
2016-05-06,2016,Tas,4
2016-05-06,2016,ACT,7
2016-05-06,2016,NT,5
2016-05-13,2016,NSW,156
2016-05-13,2016,Vic,64
2016-05-13,2016,Qld,131
2016-05-13,2016,SA,35
2016-05-13,2016,WA,60
2016-05-13,2016,Tas,5
2016-05-13,2016,ACT,3
2016-05-13,2016,NT,4
2016-05-20,2016,NSW,138
2016-05-20,2016,Vic,56
2016-05-20,2016,Qld,170
2016-05-20,2016,SA,21
2016-05-20,2016,WA,72
2016-05-20,2016,Tas,2
2016-05-20,2016,ACT,7
2016-05-20,2016,NT,4
2016-05-27,2016,NSW,184
2016-05-27,2016,Vic,53
2016-05-27,2016,Qld,126
2016-05-27,2016,SA,21
2016-05-27,2016,WA,55
2016-05-27,2016,Tas,5
2016-05-27,2016,ACT,4
2016-05-27,2016,NT,4
2016-06-03,2016,NSW,224
2016-06-03,2016,Vic,48
2016-06-03,2016,Qld,136
2016-06-03,2016,SA,21
2016-06-03,2016,WA,57
2016-06-03,2016,Tas,9
2016-06-03,2016,ACT,6
2016-06-03,2016,NT,6
2016-06-10,2016,NSW,256
2016-06-10,2016,Vic,82
2016-06-10,2016,Qld,132
2016-06-10,2016,SA,18
2016-06-10,2016,WA,62
2016-06-10,2016,Tas,10
2016-06-10,2016,ACT,11
2016-06-10,2016,NT,2
2016-06-17,2016,NSW,228
2016-06-17,2016,Vic,91
2016-06-17,2016,Qld,186
2016-06-17,2016,SA,28
2016-06-17,2016,WA,67
2016-06-17,2016,Tas,6
2016-06-17,2016,ACT,6
2016-06-17,2016,NT,2
2016-06-24,2016,NSW,275
2016-06-24,2016,Vic,103
2016-06-24,2016,Qld,160
2016-06-24,2016,SA,25
2016-06-24,2016,WA,83
2016-06-24,2016,Tas,5
2016-06-24,2016,ACT,6
2016-06-24,2016,NT,1
2016-07-01,2016,NSW,364
2016-07-01,2016,Vic,125
2016-07-01,2016,Qld,199
2016-07-01,2016,SA,39
2016-07-01,2016,WA,131
2016-07-01,2016,Tas,3
2016-07-01,2016,ACT,4
2016-07-01,2016,NT,1
2016-07-08,2016,NSW,694
2016-07-08,2016,Vic,155
2016-07-08,2016,Qld,244
2016-07-08,2016,SA,49
2016-07-08,2016,WA,135
2016-07-08,2016,Tas,2
2016-07-08,2016,ACT,7
2016-07-15,2016,NSW,839
2016-07-15,2016,Vic,170
2016-07-15,2016,Qld,391
2016-07-15,2016,SA,79
2016-07-15,2016,WA,161
2016-07-15,2016,Tas,7
2016-07-15,2016,ACT,13
2016-07-15,2016,NT,3
2016-07-22,2016,NSW,1207
2016-07-22,2016,Vic,298
2016-07-22,2016,Qld,515
2016-07-22,2016,SA,111
2016-07-22,2016,WA,202
2016-07-22,2016,Tas,10
2016-07-22,2016,ACT,32
2016-07-22,2016,NT,11
2016-07-29,2016,NSW,1414
2016-07-29,2016,Vic,328
2016-07-29,2016,Qld,755
2016-07-29,2016,SA,112
2016-07-29,2016,WA,300
2016-07-29,2016,Tas,18
2016-07-29,2016,ACT,36
2016-07-29,2016,NT,16
2016-08-05,2016,NSW,1990
2016-08-05,2016,Vic,483
2016-08-05,2016,Qld,1254
2016-08-05,2016,SA,169
2016-08-05,2016,WA,393
2016-08-05,2016,Tas,30
2016-08-05,2016,ACT,78
2016-08-05,2016,NT,13
2016-08-12,2016,NSW,2574
2016-08-12,2016,Vic,679
2016-08-12,2016,Qld,1517
2016-08-12,2016,SA,236
2016-08-12,2016,WA,486
2016-08-12,2016,Tas,40
2016-08-12,2016,ACT,158
2016-08-12,2016,NT,17
2016-08-19,2016,NSW,3187
2016-08-19,2016,Vic,935
2016-08-19,2016,Qld,1599
2016-08-19,2016,SA,294
2016-08-19,2016,WA,571
2016-08-19,2016,Tas,70
2016-08-19,2016,ACT,193
2016-08-19,2016,NT,27
2016-08-26,2016,NSW,3413
2016-08-26,2016,Vic,930
2016-08-26,2016,Qld,1657
2016-08-26,2016,SA,387
2016-08-26,2016,WA,592
2016-08-26,2016,Tas,105
2016-08-26,2016,ACT,215
2016-08-26,2016,NT,24
2016-09-02,2016,NSW,3950
2016-09-02,2016,Vic,1187
2016-09-02,2016,Qld,1813
2016-09-02,2016,SA,476
2016-09-02,2016,WA,718
2016-09-02,2016,Tas,143
2016-09-02,2016,ACT,214
2016-09-02,2016,NT,18
2016-09-09,2016,NSW,3430
2016-09-09,2016,Vic,1119
2016-09-09,2016,Qld,1753
2016-09-09,2016,SA,475
2016-09-09,2016,WA,663
2016-09-09,2016,Tas,124
2016-09-09,2016,ACT,175
2016-09-09,2016,NT,36
2016-09-16,2016,NSW,2247
2016-09-16,2016,Vic,917
2016-09-16,2016,Qld,1507
2016-09-16,2016,SA,497
2016-09-16,2016,WA,495
2016-09-16,2016,Tas,70
2016-09-16,2016,ACT,127
2016-09-16,2016,NT,56
2016-09-23,2016,NSW,1509
2016-09-23,2016,Vic,736
2016-09-23,2016,Qld,923
2016-09-23,2016,SA,490
2016-09-23,2016,WA,450
2016-09-23,2016,Tas,77
2016-09-23,2016,ACT,62
2016-09-23,2016,NT,65
2016-09-30,2016,NSW,972
2016-09-30,2016,Vic,575
2016-09-30,2016,Qld,828
2016-09-30,2016,SA,460
2016-09-30,2016,WA,354
2016-09-30,2016,Tas,42
2016-09-30,2016,ACT,38
2016-09-30,2016,NT,72
2016-10-07,2016,NSW,680
2016-10-07,2016,Vic,466
2016-10-07,2016,Qld,632
2016-10-07,2016,SA,450
2016-10-07,2016,WA,270
2016-10-07,2016,Tas,48
2016-10-07,2016,ACT,29
2016-10-07,2016,NT,43
2016-10-14,2016,NSW,595
2016-10-14,2016,Vic,358
2016-10-14,2016,Qld,597
2016-10-14,2016,SA,337
2016-10-14,2016,WA,170
2016-10-14,2016,Tas,18
2016-10-14,2016,ACT,13
2016-10-14,2016,NT,25
2016-10-21,2016,NSW,460
2016-10-21,2016,Vic,279
2016-10-21,2016,Qld,500
2016-10-21,2016,SA,314
2016-10-21,2016,WA,100
2016-10-21,2016,Tas,28
2016-10-21,2016,ACT,13
2016-10-21,2016,NT,29
2016-10-28,2016,NSW,395
2016-10-28,2016,Vic,280
2016-10-28,2016,Qld,395
2016-10-28,2016,SA,313
2016-10-28,2016,WA,88
2016-10-28,2016,Tas,12
2016-10-28,2016,ACT,19
2016-10-28,2016,NT,17
2016-11-04,2016,NSW,316
2016-11-04,2016,Vic,265
2016-11-04,2016,Qld,322
2016-11-04,2016,SA,339
2016-11-04,2016,WA,80
2016-11-04,2016,Tas,10
2016-11-04,2016,ACT,7
2016-11-04,2016,NT,12
2016-11-11,2016,NSW,271
2016-11-11,2016,Vic,178
2016-11-11,2016,Qld,243
2016-11-11,2016,SA,310
2016-11-11,2016,WA,43
2016-11-11,2016,Tas,8
2016-11-11,2016,ACT,11
2016-11-11,2016,NT,8
2016-11-18,2016,NSW,197
2016-11-18,2016,Vic,138
2016-11-18,2016,Qld,203
2016-11-18,2016,SA,239
2016-11-18,2016,WA,43
2016-11-18,2016,Tas,27
2016-11-18,2016,ACT,9
2016-11-18,2016,NT,6
2016-11-25,2016,NSW,161
2016-11-25,2016,Vic,111
2016-11-25,2016,Qld,203
2016-11-25,2016,SA,200
2016-11-25,2016,WA,49
2016-11-25,2016,Tas,12
2016-11-25,2016,ACT,3
2016-11-25,2016,NT,9
2016-12-02,2016,NSW,143
2016-12-02,2016,Vic,95
2016-12-02,2016,Qld,243
2016-12-02,2016,SA,185
2016-12-02,2016,WA,32
2016-12-02,2016,Tas,9
2016-12-02,2016,ACT,5
2016-12-02,2016,NT,9
2016-12-09,2016,NSW,155
2016-12-09,2016,Vic,98
2016-12-09,2016,Qld,228
2016-12-09,2016,SA,161
2016-12-09,2016,WA,33
2016-12-09,2016,Tas,2
2016-12-09,2016,ACT,3
2016-12-09,2016,NT,18
2016-12-16,2016,NSW,106
2016-12-16,2016,Vic,125
2016-12-16,2016,Qld,184
2016-12-16,2016,SA,80
2016-12-16,2016,WA,42
2016-12-16,2016,Tas,6
2016-12-16,2016,ACT,4
2016-12-16,2016,NT,8
2016-12-23,2016,NSW,150
2016-12-23,2016,Vic,148
2016-12-23,2016,Qld,175
2016-12-23,2016,SA,87
2016-12-23,2016,WA,32
2016-12-23,2016,Tas,8
2016-12-23,2016,ACT,4
2016-12-23,2016,NT,20
2016-12-30,2016,NSW,96
2016-12-30,2016,Vic,107
2016-12-30,2016,Qld,124
2016-12-30,2016,SA,56
2016-12-30,2016,WA,14
2016-12-30,2016,Tas,5
2016-12-30,2016,ACT,1
2016-12-30,2016,NT,11
2017-01-06,2017,NSW,123
2017-01-06,2017,Vic,97
2017-01-06,2017,Qld,182
2017-01-06,2017,SA,71
2017-01-06,2017,WA,39
2017-01-06,2017,Tas,11
2017-01-06,2017,ACT,3
2017-01-06,2017,NT,17
2017-01-13,2017,NSW,179
2017-01-13,2017,Vic,106
2017-01-13,2017,Qld,233
2017-01-13,2017,SA,74
2017-01-13,2017,WA,37
2017-01-13,2017,Tas,9
2017-01-13,2017,ACT,7
2017-01-13,2017,NT,12
2017-01-20,2017,NSW,154
2017-01-20,2017,Vic,107
2017-01-20,2017,Qld,256
2017-01-20,2017,SA,69
2017-01-20,2017,WA,36
2017-01-20,2017,Tas,9
2017-01-20,2017,ACT,3
2017-01-20,2017,NT,17
2017-01-27,2017,NSW,192
2017-01-27,2017,Vic,76
2017-01-27,2017,Qld,199
2017-01-27,2017,SA,66
2017-01-27,2017,WA,23
2017-01-27,2017,Tas,7
2017-01-27,2017,ACT,2
2017-01-27,2017,NT,22
2017-02-03,2017,NSW,213
2017-02-03,2017,Vic,94
2017-02-03,2017,Qld,192
2017-02-03,2017,SA,86
2017-02-03,2017,WA,33
2017-02-03,2017,Tas,2
2017-02-03,2017,ACT,3
2017-02-03,2017,NT,49
2017-02-10,2017,NSW,152
2017-02-10,2017,Vic,75
2017-02-10,2017,Qld,202
2017-02-10,2017,SA,69
2017-02-10,2017,WA,30
2017-02-10,2017,Tas,6
2017-02-10,2017,ACT,6
2017-02-10,2017,NT,71
2017-02-17,2017,NSW,171
2017-02-17,2017,Vic,71
2017-02-17,2017,Qld,251
2017-02-17,2017,SA,102
2017-02-17,2017,WA,30
2017-02-17,2017,Tas,10
2017-02-17,2017,ACT,5
2017-02-17,2017,NT,65
2017-02-24,2017,NSW,175
2017-02-24,2017,Vic,75
2017-02-24,2017,Qld,303
2017-02-24,2017,SA,70
2017-02-24,2017,WA,32
2017-02-24,2017,Tas,9
2017-02-24,2017,ACT,4
2017-02-24,2017,NT,56
2017-03-03,2017,NSW,146
2017-03-03,2017,Vic,86
2017-03-03,2017,Qld,268
2017-03-03,2017,SA,105
2017-03-03,2017,WA,27
2017-03-03,2017,Tas,11
2017-03-03,2017,ACT,5
2017-03-03,2017,NT,46
2017-03-10,2017,NSW,180
2017-03-10,2017,Vic,79
2017-03-10,2017,Qld,248
2017-03-10,2017,SA,64
2017-03-10,2017,WA,21
2017-03-10,2017,Tas,8
2017-03-10,2017,ACT,8
2017-03-10,2017,NT,36
2017-03-17,2017,NSW,178
2017-03-17,2017,Vic,71
2017-03-17,2017,Qld,253
2017-03-17,2017,SA,47
2017-03-17,2017,WA,25
2017-03-17,2017,Tas,4
2017-03-17,2017,ACT,4
2017-03-17,2017,NT,25
2017-03-24,2017,NSW,218
2017-03-24,2017,Vic,68
2017-03-24,2017,Qld,211
2017-03-24,2017,SA,55
2017-03-24,2017,WA,44
2017-03-24,2017,Tas,10
2017-03-24,2017,ACT,3
2017-03-24,2017,NT,26
2017-03-31,2017,NSW,239
2017-03-31,2017,Vic,65
2017-03-31,2017,Qld,179
2017-03-31,2017,SA,58
2017-03-31,2017,WA,38
2017-03-31,2017,Tas,13
2017-03-31,2017,ACT,4
2017-03-31,2017,NT,32
2017-04-07,2017,NSW,174
2017-04-07,2017,Vic,85
2017-04-07,2017,Qld,185
2017-04-07,2017,SA,79
2017-04-07,2017,WA,31
2017-04-07,2017,Tas,7
2017-04-07,2017,ACT,10
2017-04-07,2017,NT,16
2017-04-14,2017,NSW,125
2017-04-14,2017,Vic,78
2017-04-14,2017,Qld,141
2017-04-14,2017,SA,75
2017-04-14,2017,WA,22
2017-04-14,2017,Tas,8
2017-04-14,2017,ACT,5
2017-04-14,2017,NT,10
2017-04-21,2017,NSW,112
2017-04-21,2017,Vic,68
2017-04-21,2017,Qld,174
2017-04-21,2017,SA,50
2017-04-21,2017,WA,22
2017-04-21,2017,Tas,8
2017-04-21,2017,ACT,5
2017-04-21,2017,NT,4
2017-04-28,2017,NSW,113
2017-04-28,2017,Vic,57
2017-04-28,2017,Qld,121
2017-04-28,2017,SA,42
2017-04-28,2017,WA,21
2017-04-28,2017,Tas,7
2017-04-28,2017,ACT,5
2017-04-28,2017,NT,3
2017-05-05,2017,NSW,144
2017-05-05,2017,Vic,103
2017-05-05,2017,Qld,114
2017-05-05,2017,SA,55
2017-05-05,2017,WA,33
2017-05-05,2017,Tas,5
2017-05-05,2017,ACT,4
2017-05-05,2017,NT,4
2017-05-12,2017,NSW,184
2017-05-12,2017,Vic,116
2017-05-12,2017,Qld,161
2017-05-12,2017,SA,88
2017-05-12,2017,WA,39
2017-05-12,2017,Tas,5
2017-05-12,2017,ACT,1
2017-05-12,2017,NT,7
2017-05-19,2017,NSW,265
2017-05-19,2017,Vic,147
2017-05-19,2017,Qld,196
2017-05-19,2017,SA,112
2017-05-19,2017,WA,32
2017-05-19,2017,Tas,10
2017-05-19,2017,ACT,10
2017-05-19,2017,NT,6
2017-05-26,2017,NSW,258
2017-05-26,2017,Vic,125
2017-05-26,2017,Qld,250
2017-05-26,2017,SA,174
2017-05-26,2017,WA,36
2017-05-26,2017,Tas,11
2017-05-26,2017,ACT,14
2017-05-26,2017,NT,5
2017-06-02,2017,NSW,337
2017-06-02,2017,Vic,131
2017-06-02,2017,Qld,259
2017-06-02,2017,SA,168
2017-06-02,2017,WA,49
2017-06-02,2017,Tas,10
2017-06-02,2017,ACT,4
2017-06-02,2017,NT,5
2017-06-09,2017,NSW,493
2017-06-09,2017,Vic,173
2017-06-09,2017,Qld,287
2017-06-09,2017,SA,177
2017-06-09,2017,WA,31
2017-06-09,2017,Tas,12
2017-06-09,2017,ACT,11
2017-06-09,2017,NT,8
2017-06-16,2017,NSW,566
2017-06-16,2017,Vic,243
2017-06-16,2017,Qld,317
2017-06-16,2017,SA,233
2017-06-16,2017,WA,65
2017-06-16,2017,Tas,15
2017-06-16,2017,ACT,4
2017-06-16,2017,NT,5
2017-06-23,2017,NSW,811
2017-06-23,2017,Vic,326
2017-06-23,2017,Qld,503
2017-06-23,2017,SA,293
2017-06-23,2017,WA,80
2017-06-23,2017,Tas,10
2017-06-23,2017,ACT,10
2017-06-23,2017,NT,5
2017-06-30,2017,NSW,1223
2017-06-30,2017,Vic,517
2017-06-30,2017,Qld,572
2017-06-30,2017,SA,397
2017-06-30,2017,WA,63
2017-06-30,2017,Tas,22
2017-06-30,2017,ACT,12
2017-06-30,2017,NT,4
2017-07-07,2017,NSW,1806
2017-07-07,2017,Vic,798
2017-07-07,2017,Qld,596
2017-07-07,2017,SA,706
2017-07-07,2017,WA,99
2017-07-07,2017,Tas,28
2017-07-07,2017,ACT,36
2017-07-07,2017,NT,14
2017-07-14,2017,NSW,2662
2017-07-14,2017,Vic,1029
2017-07-14,2017,Qld,880
2017-07-14,2017,SA,707
2017-07-14,2017,WA,137
2017-07-14,2017,Tas,48
2017-07-14,2017,ACT,31
2017-07-14,2017,NT,13
2017-07-21,2017,NSW,3632
2017-07-21,2017,Vic,1484
2017-07-21,2017,Qld,1201
2017-07-21,2017,SA,658
2017-07-21,2017,WA,144
2017-07-21,2017,Tas,121
2017-07-21,2017,ACT,84
2017-07-21,2017,NT,16
2017-07-28,2017,NSW,5837
2017-07-28,2017,Vic,1930
2017-07-28,2017,Qld,2137
2017-07-28,2017,SA,789
2017-07-28,2017,WA,148
2017-07-28,2017,Tas,98
2017-07-28,2017,ACT,124
2017-07-28,2017,NT,15
2017-08-04,2017,NSW,8897
2017-08-04,2017,Vic,2615
2017-08-04,2017,Qld,3700
2017-08-04,2017,SA,918
2017-08-04,2017,WA,158
2017-08-04,2017,Tas,117
2017-08-04,2017,ACT,183
2017-08-04,2017,NT,24
2017-08-11,2017,NSW,10957
2017-08-11,2017,Vic,3370
2017-08-11,2017,Qld,4744
2017-08-11,2017,SA,1346
2017-08-11,2017,WA,238
2017-08-11,2017,Tas,222
2017-08-11,2017,ACT,275
2017-08-11,2017,NT,57
2017-08-18,2017,NSW,12317
2017-08-18,2017,Vic,4053
2017-08-18,2017,Qld,5656
2017-08-18,2017,SA,1573
2017-08-18,2017,WA,291
2017-08-18,2017,Tas,291
2017-08-18,2017,ACT,338
2017-08-18,2017,NT,79
2017-08-25,2017,NSW,11403
2017-08-25,2017,Vic,3939
2017-08-25,2017,Qld,5509
2017-08-25,2017,SA,1917
2017-08-25,2017,WA,343
2017-08-25,2017,Tas,378
2017-08-25,2017,ACT,301
2017-08-25,2017,NT,88
2017-09-01,2017,NSW,9057
2017-09-01,2017,Vic,4073
2017-09-01,2017,Qld,5148
2017-09-01,2017,SA,2434
2017-09-01,2017,WA,337
2017-09-01,2017,Tas,331
2017-09-01,2017,ACT,246
2017-09-01,2017,NT,101
2017-09-08,2017,NSW,8329
2017-09-08,2017,Vic,4629
2017-09-08,2017,Qld,5178
2017-09-08,2017,SA,2839
2017-09-08,2017,WA,434
2017-09-08,2017,Tas,484
2017-09-08,2017,ACT,314
2017-09-08,2017,NT,96
2017-09-15,2017,NSW,6923
2017-09-15,2017,Vic,4999
2017-09-15,2017,Qld,4403
2017-09-15,2017,SA,2790
2017-09-15,2017,WA,505
2017-09-15,2017,Tas,359
2017-09-15,2017,ACT,282
2017-09-15,2017,NT,66
2017-09-22,2017,NSW,5688
2017-09-22,2017,Vic,4607
2017-09-22,2017,Qld,3606
2017-09-22,2017,SA,2557
2017-09-22,2017,WA,451
2017-09-22,2017,Tas,291
2017-09-22,2017,ACT,252
2017-09-22,2017,NT,55
2017-09-29,2017,NSW,4035
2017-09-29,2017,Vic,2736
2017-09-29,2017,Qld,2270
2017-09-29,2017,SA,1983
2017-09-29,2017,WA,302
2017-09-29,2017,Tas,182
2017-09-29,2017,ACT,192
2017-09-29,2017,NT,58
2017-10-06,2017,NSW,2077
2017-10-06,2017,Vic,2019
2017-10-06,2017,Qld,1275
2017-10-06,2017,SA,1342
2017-10-06,2017,WA,292
2017-10-06,2017,Tas,94
2017-10-06,2017,ACT,101
2017-10-06,2017,NT,59
2017-10-13,2017,NSW,1128
2017-10-13,2017,Vic,1006
2017-10-13,2017,Qld,895
2017-10-13,2017,SA,924
2017-10-13,2017,WA,244
2017-10-13,2017,Tas,52
2017-10-13,2017,ACT,76
2017-10-13,2017,NT,41
2017-10-20,2017,NSW,510
2017-10-20,2017,Vic,556
2017-10-20,2017,Qld,607
2017-10-20,2017,SA,589
2017-10-20,2017,WA,162
2017-10-20,2017,Tas,53
2017-10-20,2017,ACT,31
2017-10-20,2017,NT,30
2017-10-27,2017,NSW,300
2017-10-27,2017,Vic,319
2017-10-27,2017,Qld,503
2017-10-27,2017,SA,371
2017-10-27,2017,WA,135
2017-10-27,2017,Tas,30
2017-10-27,2017,ACT,19
2017-10-27,2017,NT,28
2017-11-03,2017,NSW,216
2017-11-03,2017,Vic,223
2017-11-03,2017,Qld,379
2017-11-03,2017,SA,234
2017-11-03,2017,WA,143
2017-11-03,2017,Tas,25
2017-11-03,2017,ACT,7
2017-11-03,2017,NT,22
2017-11-10,2017,NSW,170
2017-11-10,2017,Vic,169
2017-11-10,2017,Qld,282
2017-11-10,2017,SA,252
2017-11-10,2017,WA,86
2017-11-10,2017,Tas,11
2017-11-10,2017,ACT,12
2017-11-10,2017,NT,14
2017-11-17,2017,NSW,132
2017-11-17,2017,Vic,126
2017-11-17,2017,Qld,228
2017-11-17,2017,SA,173
2017-11-17,2017,WA,79
2017-11-17,2017,Tas,12
2017-11-17,2017,ACT,7
2017-11-17,2017,NT,8
2017-11-24,2017,NSW,128
2017-11-24,2017,Vic,56
2017-11-24,2017,Qld,218
2017-11-24,2017,SA,131
2017-11-24,2017,WA,69
2017-11-24,2017,Tas,10
2017-11-24,2017,ACT,8
2017-11-24,2017,NT,4
2017-12-01,2017,NSW,120
2017-12-01,2017,Vic,53
2017-12-01,2017,Qld,180
2017-12-01,2017,SA,110
2017-12-01,2017,WA,54
2017-12-01,2017,Tas,7
2017-12-01,2017,ACT,10
2017-12-01,2017,NT,10
2017-12-08,2017,NSW,98
2017-12-08,2017,Vic,35
2017-12-08,2017,Qld,237
2017-12-08,2017,SA,88
2017-12-08,2017,WA,59
2017-12-08,2017,Tas,5
2017-12-08,2017,ACT,4
2017-12-08,2017,NT,7
2017-12-15,2017,NSW,100
2017-12-15,2017,Vic,53
2017-12-15,2017,Qld,200
2017-12-15,2017,SA,79
2017-12-15,2017,WA,72
2017-12-15,2017,Tas,5
2017-12-15,2017,ACT,4
2017-12-15,2017,NT,2
2017-12-22,2017,NSW,107
2017-12-22,2017,Vic,50
2017-12-22,2017,Qld,189
2017-12-22,2017,SA,50
2017-12-22,2017,WA,52
2017-12-22,2017,Tas,8
2017-12-22,2017,ACT,2
2017-12-22,2017,NT,5
2017-12-29,2017,NSW,76
2017-12-29,2017,Vic,45
2017-12-29,2017,Qld,114
2017-12-29,2017,SA,46
2017-12-29,2017,WA,38
2017-12-29,2017,Tas,7
2017-12-29,2017,ACT,1
2017-12-29,2017,NT,7
2018-01-05,2018,NSW,155
2018-01-05,2018,Vic,120
2018-01-05,2018,Qld,200
2018-01-05,2018,SA,78
2018-01-05,2018,WA,54
2018-01-05,2018,Tas,3
2018-01-05,2018,ACT,9
2018-01-05,2018,NT,6
2018-01-12,2018,NSW,296
2018-01-12,2018,Vic,124
2018-01-12,2018,Qld,252
2018-01-12,2018,SA,77
2018-01-12,2018,WA,54
2018-01-12,2018,Tas,3
2018-01-12,2018,ACT,12
2018-01-12,2018,NT,6
2018-01-19,2018,NSW,323
2018-01-19,2018,Vic,163
2018-01-19,2018,Qld,256
2018-01-19,2018,SA,91
2018-01-19,2018,WA,65
2018-01-19,2018,Tas,3
2018-01-19,2018,ACT,10
2018-01-19,2018,NT,12
2018-01-26,2018,NSW,309
2018-01-26,2018,Vic,152
2018-01-26,2018,Qld,230
2018-01-26,2018,SA,81
2018-01-26,2018,WA,50
2018-01-26,2018,Tas,6
2018-01-26,2018,ACT,12
2018-01-26,2018,NT,11
2018-02-02,2018,NSW,298
2018-02-02,2018,Vic,132
2018-02-02,2018,Qld,268
2018-02-02,2018,SA,76
2018-02-02,2018,WA,99
2018-02-02,2018,Tas,6
2018-02-02,2018,ACT,11
2018-02-02,2018,NT,6
2018-02-09,2018,NSW,307
2018-02-09,2018,Vic,126
2018-02-09,2018,Qld,255
2018-02-09,2018,SA,86
2018-02-09,2018,WA,81
2018-02-09,2018,Tas,2
2018-02-09,2018,ACT,7
2018-02-09,2018,NT,6
2018-02-16,2018,NSW,308
2018-02-16,2018,Vic,142
2018-02-16,2018,Qld,265
2018-02-16,2018,SA,84
2018-02-16,2018,WA,79
2018-02-16,2018,Tas,5
2018-02-16,2018,ACT,13
2018-02-16,2018,NT,4
2018-02-23,2018,NSW,263
2018-02-23,2018,Vic,136
2018-02-23,2018,Qld,271
2018-02-23,2018,SA,92
2018-02-23,2018,WA,90
2018-02-23,2018,Tas,10
2018-02-23,2018,ACT,7
2018-02-23,2018,NT,3
2018-03-02,2018,NSW,245
2018-03-02,2018,Vic,137
2018-03-02,2018,Qld,279
2018-03-02,2018,SA,87
2018-03-02,2018,WA,64
2018-03-02,2018,Tas,8
2018-03-02,2018,ACT,13
2018-03-02,2018,NT,5
2018-03-09,2018,NSW,240
2018-03-09,2018,Vic,116
2018-03-09,2018,Qld,261
2018-03-09,2018,SA,87
2018-03-09,2018,WA,66
2018-03-09,2018,Tas,7
2018-03-09,2018,ACT,7
2018-03-09,2018,NT,7
2018-03-16,2018,NSW,210
2018-03-16,2018,Vic,100
2018-03-16,2018,Qld,261
2018-03-16,2018,SA,88
2018-03-16,2018,WA,65
2018-03-16,2018,Tas,6
2018-03-16,2018,ACT,4
2018-03-16,2018,NT,9
2018-03-23,2018,NSW,184
2018-03-23,2018,Vic,99
2018-03-23,2018,Qld,290
2018-03-23,2018,SA,74
2018-03-23,2018,WA,54
2018-03-23,2018,Tas,6
2018-03-23,2018,ACT,4
2018-03-23,2018,NT,11
2018-03-30,2018,NSW,174
2018-03-30,2018,Vic,75
2018-03-30,2018,Qld,251
2018-03-30,2018,SA,53
2018-03-30,2018,WA,37
2018-03-30,2018,Tas,4
2018-03-30,2018,ACT,5
2018-03-30,2018,NT,5
2018-04-06,2018,NSW,124
2018-04-06,2018,Vic,93
2018-04-06,2018,Qld,216
2018-04-06,2018,SA,68
2018-04-06,2018,WA,53
2018-04-06,2018,Tas,6
2018-04-06,2018,ACT,1
2018-04-06,2018,NT,4
2018-04-13,2018,NSW,125
2018-04-13,2018,Vic,106
2018-04-13,2018,Qld,188
2018-04-13,2018,SA,51
2018-04-13,2018,WA,43
2018-04-13,2018,Tas,5
2018-04-13,2018,ACT,4
2018-04-13,2018,NT,2
2018-04-20,2018,NSW,114
2018-04-20,2018,Vic,80
2018-04-20,2018,Qld,162
2018-04-20,2018,SA,34
2018-04-20,2018,WA,31
2018-04-20,2018,Tas,7
2018-04-20,2018,ACT,2
2018-04-20,2018,NT,1
2018-04-27,2018,NSW,74
2018-04-27,2018,Vic,89
2018-04-27,2018,Qld,146
2018-04-27,2018,SA,36
2018-04-27,2018,WA,29
2018-04-27,2018,Tas,2
2018-04-27,2018,ACT,1
2018-04-27,2018,NT,2
2018-05-04,2018,NSW,87
2018-05-04,2018,Vic,72
2018-05-04,2018,Qld,142
2018-05-04,2018,SA,32
2018-05-04,2018,WA,37
2018-05-04,2018,Tas,3
2018-05-04,2018,ACT,2
2018-05-04,2018,NT,3
2018-05-11,2018,NSW,87
2018-05-11,2018,Vic,83
2018-05-11,2018,Qld,124
2018-05-11,2018,SA,22
2018-05-11,2018,WA,54
2018-05-11,2018,Tas,1
2018-05-11,2018,ACT,2
2018-05-11,2018,NT,1
2018-05-18,2018,NSW,98
2018-05-18,2018,Vic,73
2018-05-18,2018,Qld,123
2018-05-18,2018,SA,28
2018-05-18,2018,WA,37
2018-05-18,2018,Tas,4
2018-05-18,2018,ACT,5
2018-05-18,2018,NT,3
2018-05-25,2018,NSW,115
2018-05-25,2018,Vic,74
2018-05-25,2018,Qld,112
2018-05-25,2018,SA,29
2018-05-25,2018,WA,62
2018-05-25,2018,Tas,2
2018-05-25,2018,ACT,4
2018-05-25,2018,NT,8
2018-06-01,2018,NSW,91
2018-06-01,2018,Vic,80
2018-06-01,2018,Qld,92
2018-06-01,2018,SA,28
2018-06-01,2018,WA,59
2018-06-01,2018,Tas,4
2018-06-01,2018,ACT,2
2018-06-01,2018,NT,4
2018-06-08,2018,NSW,86
2018-06-08,2018,Vic,65
2018-06-08,2018,Qld,97
2018-06-08,2018,SA,21
2018-06-08,2018,WA,71
2018-06-08,2018,Tas,3
2018-06-08,2018,ACT,1
2018-06-08,2018,NT,2
2018-06-15,2018,NSW,103
2018-06-15,2018,Vic,44
2018-06-15,2018,Qld,108
2018-06-15,2018,SA,26
2018-06-15,2018,WA,102
2018-06-15,2018,Tas,11
2018-06-15,2018,ACT,9
2018-06-15,2018,NT,2
2018-06-22,2018,NSW,163
2018-06-22,2018,Vic,48
2018-06-22,2018,Qld,141
2018-06-22,2018,SA,19
2018-06-22,2018,WA,107
2018-06-22,2018,Tas,6
2018-06-22,2018,ACT,4
2018-06-29,2018,NSW,226
2018-06-29,2018,Vic,54
2018-06-29,2018,Qld,193
2018-06-29,2018,SA,25
2018-06-29,2018,WA,135
2018-06-29,2018,Tas,4
2018-06-29,2018,ACT,8
2018-06-29,2018,NT,1
2018-07-06,2018,NSW,291
2018-07-06,2018,Vic,98
2018-07-06,2018,Qld,206
2018-07-06,2018,SA,30
2018-07-06,2018,WA,196
2018-07-06,2018,Tas,5
2018-07-06,2018,ACT,7
2018-07-13,2018,NSW,302
2018-07-13,2018,Vic,91
2018-07-13,2018,Qld,190
2018-07-13,2018,SA,35
2018-07-13,2018,WA,203
2018-07-13,2018,Tas,1
2018-07-13,2018,ACT,10
2018-07-20,2018,NSW,279
2018-07-20,2018,Vic,98
2018-07-20,2018,Qld,205
2018-07-20,2018,SA,37
2018-07-20,2018,WA,157
2018-07-20,2018,Tas,8
2018-07-20,2018,ACT,7
2018-07-20,2018,NT,1
2018-07-27,2018,NSW,413
2018-07-27,2018,Vic,132
2018-07-27,2018,Qld,264
2018-07-27,2018,SA,59
2018-07-27,2018,WA,131
2018-07-27,2018,Tas,7
2018-07-27,2018,ACT,12
2018-07-27,2018,NT,3
2018-08-03,2018,NSW,522
2018-08-03,2018,Vic,140
2018-08-03,2018,Qld,326
2018-08-03,2018,SA,43
2018-08-03,2018,WA,122
2018-08-03,2018,Tas,5
2018-08-03,2018,ACT,8
2018-08-03,2018,NT,5
2018-08-10,2018,NSW,585
2018-08-10,2018,Vic,156
2018-08-10,2018,Qld,347
2018-08-10,2018,SA,56
2018-08-10,2018,WA,160
2018-08-10,2018,Tas,8
2018-08-10,2018,ACT,15
2018-08-10,2018,NT,1
2018-08-17,2018,NSW,801
2018-08-17,2018,Vic,219
2018-08-17,2018,Qld,401
2018-08-17,2018,SA,66
2018-08-17,2018,WA,222
2018-08-17,2018,Tas,3
2018-08-17,2018,ACT,16
2018-08-17,2018,NT,1
2018-08-24,2018,NSW,942
2018-08-24,2018,Vic,285
2018-08-24,2018,Qld,533
2018-08-24,2018,SA,73
2018-08-24,2018,WA,250
2018-08-24,2018,Tas,11
2018-08-24,2018,ACT,23
2018-08-24,2018,NT,3
2018-08-31,2018,NSW,1061
2018-08-31,2018,Vic,340
2018-08-31,2018,Qld,579
2018-08-31,2018,SA,111
2018-08-31,2018,WA,236
2018-08-31,2018,Tas,6
2018-08-31,2018,ACT,20
2018-08-31,2018,NT,5
2018-09-07,2018,NSW,1295
2018-09-07,2018,Vic,500
2018-09-07,2018,Qld,695
2018-09-07,2018,SA,168
2018-09-07,2018,WA,287
2018-09-07,2018,Tas,17
2018-09-07,2018,ACT,27
2018-09-07,2018,NT,8
2018-09-14,2018,NSW,1127
2018-09-14,2018,Vic,573
2018-09-14,2018,Qld,683
2018-09-14,2018,SA,231
2018-09-14,2018,WA,293
2018-09-14,2018,Tas,14
2018-09-14,2018,ACT,25
2018-09-14,2018,NT,6
2018-09-21,2018,NSW,897
2018-09-21,2018,Vic,620
2018-09-21,2018,Qld,574
2018-09-21,2018,SA,301
2018-09-21,2018,WA,286
2018-09-21,2018,Tas,23
2018-09-21,2018,ACT,27
2018-09-21,2018,NT,8
2018-09-28,2018,NSW,723
2018-09-28,2018,Vic,560
2018-09-28,2018,Qld,472
2018-09-28,2018,SA,351
2018-09-28,2018,WA,234
2018-09-28,2018,Tas,24
2018-09-28,2018,ACT,18
2018-09-28,2018,NT,12
2018-10-05,2018,NSW,562
2018-10-05,2018,Vic,778
2018-10-05,2018,Qld,379
2018-10-05,2018,SA,365
2018-10-05,2018,WA,235
2018-10-05,2018,Tas,27
2018-10-05,2018,ACT,19
2018-10-05,2018,NT,6
2018-10-12,2018,NSW,392
2018-10-12,2018,Vic,579
2018-10-12,2018,Qld,413
2018-10-12,2018,SA,323
2018-10-12,2018,WA,171
2018-10-12,2018,Tas,28
2018-10-12,2018,ACT,13
2018-10-12,2018,NT,6
2018-10-19,2018,NSW,287
2018-10-19,2018,Vic,462
2018-10-19,2018,Qld,350
2018-10-19,2018,SA,186
2018-10-19,2018,WA,122
2018-10-19,2018,Tas,14
2018-10-19,2018,ACT,9
2018-10-19,2018,NT,9
2018-10-26,2018,NSW,200
2018-10-26,2018,Vic,333
2018-10-26,2018,Qld,338
2018-10-26,2018,SA,196
2018-10-26,2018,WA,96
2018-10-26,2018,Tas,16
2018-10-26,2018,ACT,7
2018-10-26,2018,NT,11
2018-11-02,2018,NSW,176
2018-11-02,2018,Vic,366
2018-11-02,2018,Qld,288
2018-11-02,2018,SA,291
2018-11-02,2018,WA,76
2018-11-02,2018,Tas,11
2018-11-02,2018,ACT,4
2018-11-02,2018,NT,8
2018-11-09,2018,NSW,181
2018-11-09,2018,Vic,326
2018-11-09,2018,Qld,306
2018-11-09,2018,SA,212
2018-11-09,2018,WA,86
2018-11-09,2018,Tas,16
2018-11-09,2018,ACT,12
2018-11-09,2018,NT,16
2018-11-16,2018,NSW,193
2018-11-16,2018,Vic,362
2018-11-16,2018,Qld,283
2018-11-16,2018,SA,215
2018-11-16,2018,WA,91
2018-11-16,2018,Tas,10
2018-11-16,2018,ACT,5
2018-11-16,2018,NT,40
2018-11-23,2018,NSW,241
2018-11-23,2018,Vic,369
2018-11-23,2018,Qld,269
2018-11-23,2018,SA,236
2018-11-23,2018,WA,70
2018-11-23,2018,Tas,18
2018-11-23,2018,ACT,1
2018-11-23,2018,NT,76
2018-11-30,2018,NSW,221
2018-11-30,2018,Vic,382
2018-11-30,2018,Qld,414
2018-11-30,2018,SA,238
2018-11-30,2018,WA,75
2018-11-30,2018,Tas,16
2018-11-30,2018,ACT,3
2018-11-30,2018,NT,172
2018-12-07,2018,NSW,279
2018-12-07,2018,Vic,412
2018-12-07,2018,Qld,436
2018-12-07,2018,SA,165
2018-12-07,2018,WA,110
2018-12-07,2018,Tas,11
2018-12-07,2018,ACT,4
2018-12-07,2018,NT,214
2018-12-14,2018,NSW,216
2018-12-14,2018,Vic,394
2018-12-14,2018,Qld,494
2018-12-14,2018,SA,181
2018-12-14,2018,WA,109
2018-12-14,2018,Tas,9
2018-12-14,2018,ACT,9
2018-12-14,2018,NT,193
2018-12-21,2018,NSW,234
2018-12-21,2018,Vic,289
2018-12-21,2018,Qld,495
2018-12-21,2018,SA,151
2018-12-21,2018,WA,78
2018-12-21,2018,Tas,10
2018-12-21,2018,ACT,8
2018-12-21,2018,NT,173
2018-12-28,2018,NSW,208
2018-12-28,2018,Vic,239
2018-12-28,2018,Qld,416
2018-12-28,2018,SA,87
2018-12-28,2018,WA,67
2018-12-28,2018,Tas,6
2018-12-28,2018,ACT,5
2018-12-28,2018,NT,64
2019-01-04,2019,NSW,271
2019-01-04,2019,Vic,266
2019-01-04,2019,Qld,462
2019-01-04,2019,SA,80
2019-01-04,2019,WA,97
2019-01-04,2019,Tas,16
2019-01-04,2019,ACT,14
2019-01-04,2019,NT,74
2019-01-11,2019,NSW,455
2019-01-11,2019,Vic,314
2019-01-11,2019,Qld,549
2019-01-11,2019,SA,98
2019-01-11,2019,WA,111
2019-01-11,2019,Tas,20
2019-01-11,2019,ACT,14
2019-01-11,2019,NT,39
2019-01-18,2019,NSW,502
2019-01-18,2019,Vic,318
2019-01-18,2019,Qld,477
2019-01-18,2019,SA,97
2019-01-18,2019,WA,174
2019-01-18,2019,Tas,7
2019-01-18,2019,ACT,8
2019-01-18,2019,NT,19
2019-01-25,2019,NSW,503
2019-01-25,2019,Vic,371
2019-01-25,2019,Qld,366
2019-01-25,2019,SA,130
2019-01-25,2019,WA,148
2019-01-25,2019,Tas,11
2019-01-25,2019,ACT,12
2019-01-25,2019,NT,11
2019-02-01,2019,NSW,529
2019-02-01,2019,Vic,269
2019-02-01,2019,Qld,450
2019-02-01,2019,SA,155
2019-02-01,2019,WA,110
2019-02-01,2019,Tas,10
2019-02-01,2019,ACT,9
2019-02-01,2019,NT,16
2019-02-08,2019,NSW,605
2019-02-08,2019,Vic,277
2019-02-08,2019,Qld,489
2019-02-08,2019,SA,171
2019-02-08,2019,WA,132
2019-02-08,2019,Tas,11
2019-02-08,2019,ACT,12
2019-02-08,2019,NT,18
2019-02-15,2019,NSW,623
2019-02-15,2019,Vic,251
2019-02-15,2019,Qld,542
2019-02-15,2019,SA,181
2019-02-15,2019,WA,111
2019-02-15,2019,Tas,10
2019-02-15,2019,ACT,13
2019-02-15,2019,NT,16
2019-02-22,2019,NSW,546
2019-02-22,2019,Vic,355
2019-02-22,2019,Qld,502
2019-02-22,2019,SA,247
2019-02-22,2019,WA,143
2019-02-22,2019,Tas,31
2019-02-22,2019,ACT,25
2019-02-22,2019,NT,20
2019-03-01,2019,NSW,603
2019-03-01,2019,Vic,388
2019-03-01,2019,Qld,458
2019-03-01,2019,SA,268
2019-03-01,2019,WA,137
2019-03-01,2019,Tas,37
2019-03-01,2019,ACT,22
2019-03-01,2019,NT,13
2019-03-08,2019,NSW,668
2019-03-08,2019,Vic,355
2019-03-08,2019,Qld,483
2019-03-08,2019,SA,377
2019-03-08,2019,WA,92
2019-03-08,2019,Tas,33
2019-03-08,2019,ACT,21
2019-03-08,2019,NT,12
2019-03-15,2019,NSW,757
2019-03-15,2019,Vic,430
2019-03-15,2019,Qld,557
2019-03-15,2019,SA,489
2019-03-15,2019,WA,121
2019-03-15,2019,Tas,26
2019-03-15,2019,ACT,14
2019-03-15,2019,NT,20
2019-03-22,2019,NSW,735
2019-03-22,2019,Vic,557
2019-03-22,2019,Qld,618
2019-03-22,2019,SA,676
2019-03-22,2019,WA,76
2019-03-22,2019,Tas,37
2019-03-22,2019,ACT,13
2019-03-22,2019,NT,31
2019-03-29,2019,NSW,695
2019-03-29,2019,Vic,600
2019-03-29,2019,Qld,815
2019-03-29,2019,SA,811
2019-03-29,2019,WA,77
2019-03-29,2019,Tas,44
2019-03-29,2019,ACT,13
2019-03-29,2019,NT,34
2019-04-05,2019,NSW,804
2019-04-05,2019,Vic,888
2019-04-05,2019,Qld,868
2019-04-05,2019,SA,1175
2019-04-05,2019,WA,90
2019-04-05,2019,Tas,61
2019-04-05,2019,ACT,21
2019-04-05,2019,NT,25
2019-04-12,2019,NSW,869
2019-04-12,2019,Vic,978
2019-04-12,2019,Qld,837
2019-04-12,2019,SA,1469
2019-04-12,2019,WA,161
2019-04-12,2019,Tas,95
2019-04-12,2019,ACT,15
2019-04-12,2019,NT,50
2019-04-19,2019,NSW,756
2019-04-19,2019,Vic,1064
2019-04-19,2019,Qld,590
2019-04-19,2019,SA,1680
2019-04-19,2019,WA,114
2019-04-19,2019,Tas,106
2019-04-19,2019,ACT,16
2019-04-19,2019,NT,80
2019-04-26,2019,NSW,611
2019-04-26,2019,Vic,858
2019-04-26,2019,Qld,499
2019-04-26,2019,SA,1674
2019-04-26,2019,WA,132
2019-04-26,2019,Tas,90
2019-04-26,2019,ACT,16
2019-04-26,2019,NT,102
2019-05-03,2019,NSW,867
2019-05-03,2019,Vic,1057
2019-05-03,2019,Qld,523
2019-05-03,2019,SA,1912
2019-05-03,2019,WA,218
2019-05-03,2019,Tas,70
2019-05-03,2019,ACT,24
2019-05-03,2019,NT,68
2019-05-10,2019,NSW,1049
2019-05-10,2019,Vic,1237
2019-05-10,2019,Qld,514
2019-05-10,2019,SA,1754
2019-05-10,2019,WA,366
2019-05-10,2019,Tas,90
2019-05-10,2019,ACT,31
2019-05-10,2019,NT,61
2019-05-17,2019,NSW,1543
2019-05-17,2019,Vic,1653
2019-05-17,2019,Qld,739
2019-05-17,2019,SA,1905
2019-05-17,2019,WA,617
2019-05-17,2019,Tas,61
2019-05-17,2019,ACT,55
2019-05-17,2019,NT,59
2019-05-24,2019,NSW,2159
2019-05-24,2019,Vic,2142
2019-05-24,2019,Qld,874
2019-05-24,2019,SA,1632
2019-05-24,2019,WA,1122
2019-05-24,2019,Tas,67
2019-05-24,2019,ACT,113
2019-05-24,2019,NT,47
2019-05-31,2019,NSW,2657
2019-05-31,2019,Vic,2282
2019-05-31,2019,Qld,976
2019-05-31,2019,SA,1045
2019-05-31,2019,WA,1369
2019-05-31,2019,Tas,65
2019-05-31,2019,ACT,117
2019-05-31,2019,NT,37
2019-06-07,2019,NSW,3936
2019-06-07,2019,Vic,2801
2019-06-07,2019,Qld,1346
2019-06-07,2019,SA,821
2019-06-07,2019,WA,2133
2019-06-07,2019,Tas,71
2019-06-07,2019,ACT,155
2019-06-07,2019,NT,33
2019-06-14,2019,NSW,5100
2019-06-14,2019,Vic,2669
2019-06-14,2019,Qld,2074
2019-06-14,2019,SA,582
2019-06-14,2019,WA,2729
2019-06-14,2019,Tas,93
2019-06-14,2019,ACT,183
2019-06-14,2019,NT,49
2019-06-21,2019,NSW,5693
2019-06-21,2019,Vic,2785
2019-06-21,2019,Qld,2095
2019-06-21,2019,SA,470
2019-06-21,2019,WA,2602
2019-06-21,2019,Tas,103
2019-06-21,2019,ACT,176
2019-06-21,2019,NT,33
2019-06-28,2019,NSW,7281
2019-06-28,2019,Vic,3099
2019-06-28,2019,Qld,2569
2019-06-28,2019,SA,497
2019-06-28,2019,WA,2668
2019-06-28,2019,Tas,114
2019-06-28,2019,ACT,208
2019-06-28,2019,NT,30
2019-07-05,2019,NSW,8423
2019-07-05,2019,Vic,4052
2019-07-05,2019,Qld,2754
2019-07-05,2019,SA,571
2019-07-05,2019,WA,2150
2019-07-05,2019,Tas,114
2019-07-05,2019,ACT,248
2019-07-05,2019,NT,42
2019-07-12,2019,NSW,8105
2019-07-12,2019,Vic,3802
2019-07-12,2019,Qld,2429
2019-07-12,2019,SA,460
2019-07-12,2019,WA,1521
2019-07-12,2019,Tas,155
2019-07-12,2019,ACT,260
2019-07-12,2019,NT,35
2019-07-19,2019,NSW,6553
2019-07-19,2019,Vic,3083
2019-07-19,2019,Qld,2485
2019-07-19,2019,SA,365
2019-07-19,2019,WA,850
2019-07-19,2019,Tas,129
2019-07-19,2019,ACT,239
2019-07-19,2019,NT,30
2019-07-26,2019,NSW,6332
2019-07-26,2019,Vic,2731
2019-07-26,2019,Qld,3853
2019-07-26,2019,SA,279
2019-07-26,2019,WA,574
2019-07-26,2019,Tas,92
2019-07-26,2019,ACT,172
2019-07-26,2019,NT,30
2019-08-02,2019,NSW,6195
2019-08-02,2019,Vic,2586
2019-08-02,2019,Qld,4292
2019-08-02,2019,SA,260
2019-08-02,2019,WA,337
2019-08-02,2019,Tas,83
2019-08-02,2019,ACT,238
2019-08-02,2019,NT,35
2019-08-09,2019,NSW,5672
2019-08-09,2019,Vic,2541
2019-08-09,2019,Qld,4435
2019-08-09,2019,SA,264
2019-08-09,2019,WA,266
2019-08-09,2019,Tas,104
2019-08-09,2019,ACT,236
2019-08-09,2019,NT,40
2019-08-16,2019,NSW,5854
2019-08-16,2019,Vic,2837
2019-08-16,2019,Qld,4458
2019-08-16,2019,SA,351
2019-08-16,2019,WA,250
2019-08-16,2019,Tas,173
2019-08-16,2019,ACT,262
2019-08-16,2019,NT,28
2019-08-23,2019,NSW,6231
2019-08-23,2019,Vic,2812
2019-08-23,2019,Qld,4499
2019-08-23,2019,SA,383
2019-08-23,2019,WA,203
2019-08-23,2019,Tas,141
2019-08-23,2019,ACT,226
2019-08-23,2019,NT,33
2019-08-30,2019,NSW,5728
2019-08-30,2019,Vic,2729
2019-08-30,2019,Qld,4300
2019-08-30,2019,SA,348
2019-08-30,2019,WA,190
2019-08-30,2019,Tas,115
2019-08-30,2019,ACT,182
2019-08-30,2019,NT,26
2019-09-06,2019,NSW,4314
2019-09-06,2019,Vic,2896
2019-09-06,2019,Qld,3284
2019-09-06,2019,SA,409
2019-09-06,2019,WA,135
2019-09-06,2019,Tas,122
2019-09-06,2019,ACT,173
2019-09-06,2019,NT,24
2019-09-13,2019,NSW,3029
2019-09-13,2019,Vic,2302
2019-09-13,2019,Qld,2786
2019-09-13,2019,SA,398
2019-09-13,2019,WA,103
2019-09-13,2019,Tas,86
2019-09-13,2019,ACT,138
2019-09-13,2019,NT,22
2019-09-20,2019,NSW,2432
2019-09-20,2019,Vic,1973
2019-09-20,2019,Qld,2459
2019-09-20,2019,SA,298
2019-09-20,2019,WA,97
2019-09-20,2019,Tas,85
2019-09-20,2019,ACT,89
2019-09-20,2019,NT,46
2019-09-27,2019,NSW,1717
2019-09-27,2019,Vic,1363
2019-09-27,2019,Qld,1665
2019-09-27,2019,SA,361
2019-09-27,2019,WA,72
2019-09-27,2019,Tas,57
2019-09-27,2019,ACT,54
2019-09-27,2019,NT,39
2019-10-04,2019,NSW,1082
2019-10-04,2019,Vic,1117
2019-10-04,2019,Qld,862
2019-10-04,2019,SA,331
2019-10-04,2019,WA,54
2019-10-04,2019,Tas,61
2019-10-04,2019,ACT,50
2019-10-04,2019,NT,28
2019-10-11,2019,NSW,571
2019-10-11,2019,Vic,858
2019-10-11,2019,Qld,465
2019-10-11,2019,SA,181
2019-10-11,2019,WA,56
2019-10-11,2019,Tas,41
2019-10-11,2019,ACT,20
2019-10-11,2019,NT,20
2019-10-18,2019,NSW,439
2019-10-18,2019,Vic,588
2019-10-18,2019,Qld,351
2019-10-18,2019,SA,154
2019-10-18,2019,WA,42
2019-10-18,2019,Tas,25
2019-10-18,2019,ACT,19
2019-10-18,2019,NT,16
2019-10-25,2019,NSW,344
2019-10-25,2019,Vic,463
2019-10-25,2019,Qld,256
2019-10-25,2019,SA,153
2019-10-25,2019,WA,44
2019-10-25,2019,Tas,23
2019-10-25,2019,ACT,17
2019-10-25,2019,NT,14
2019-11-01,2019,NSW,297
2019-11-01,2019,Vic,391
2019-11-01,2019,Qld,175
2019-11-01,2019,SA,148
2019-11-01,2019,WA,44
2019-11-01,2019,Tas,29
2019-11-01,2019,ACT,6
2019-11-01,2019,NT,12
2019-11-08,2019,NSW,262
2019-11-08,2019,Vic,254
2019-11-08,2019,Qld,167
2019-11-08,2019,SA,123
2019-11-08,2019,WA,43
2019-11-08,2019,Tas,10
2019-11-08,2019,ACT,8
2019-11-08,2019,NT,9
2019-11-15,2019,NSW,306
2019-11-15,2019,Vic,249
2019-11-15,2019,Qld,167
2019-11-15,2019,SA,135
2019-11-15,2019,WA,43
2019-11-15,2019,Tas,17
2019-11-15,2019,ACT,5
2019-11-15,2019,NT,5
2019-11-22,2019,NSW,293
2019-11-22,2019,Vic,198
2019-11-22,2019,Qld,153
2019-11-22,2019,SA,126
2019-11-22,2019,WA,45
2019-11-22,2019,Tas,22
2019-11-22,2019,ACT,5
2019-11-22,2019,NT,11
2019-11-29,2019,NSW,271
2019-11-29,2019,Vic,196
2019-11-29,2019,Qld,138
2019-11-29,2019,SA,156
2019-11-29,2019,WA,43
2019-11-29,2019,Tas,21
2019-11-29,2019,ACT,6
2019-11-29,2019,NT,36
2019-12-06,2019,NSW,308
2019-12-06,2019,Vic,264
2019-12-06,2019,Qld,114
2019-12-06,2019,SA,168
2019-12-06,2019,WA,57
2019-12-06,2019,Tas,18
2019-12-06,2019,ACT,13
2019-12-06,2019,NT,65
2019-12-13,2019,NSW,321
2019-12-13,2019,Vic,315
2019-12-13,2019,Qld,129
2019-12-13,2019,SA,125
2019-12-13,2019,WA,63
2019-12-13,2019,Tas,16
2019-12-13,2019,ACT,16
2019-12-13,2019,NT,46
2019-12-20,2019,NSW,272
2019-12-20,2019,Vic,320
2019-12-20,2019,Qld,181
2019-12-20,2019,SA,84
2019-12-20,2019,WA,52
2019-12-20,2019,Tas,6
2019-12-20,2019,ACT,16
2019-12-20,2019,NT,26
2019-12-27,2019,NSW,246
2019-12-27,2019,Vic,308
2019-12-27,2019,Qld,132
2019-12-27,2019,SA,57
2019-12-27,2019,WA,49
2019-12-27,2019,Tas,8
2019-12-27,2019,ACT,25
2019-12-27,2019,NT,40
2020-01-03,2020,NSW,294
2020-01-03,2020,Vic,292
2020-01-03,2020,Qld,191
2020-01-03,2020,SA,59
2020-01-03,2020,WA,71
2020-01-03,2020,Tas,9
2020-01-03,2020,ACT,13
2020-01-03,2020,NT,25
2020-01-10,2020,NSW,529
2020-01-10,2020,Vic,404
2020-01-10,2020,Qld,312
2020-01-10,2020,SA,106
2020-01-10,2020,WA,102
2020-01-10,2020,Tas,21
2020-01-10,2020,ACT,23
2020-01-10,2020,NT,24
2020-01-17,2020,NSW,481
2020-01-17,2020,Vic,329
2020-01-17,2020,Qld,300
2020-01-17,2020,SA,83
2020-01-17,2020,WA,104
2020-01-17,2020,Tas,10
2020-01-17,2020,ACT,19
2020-01-17,2020,NT,15
2020-01-24,2020,NSW,645
2020-01-24,2020,Vic,351
2020-01-24,2020,Qld,363
2020-01-24,2020,SA,98
2020-01-24,2020,WA,122
2020-01-24,2020,Tas,8
2020-01-24,2020,ACT,23
2020-01-24,2020,NT,24
2020-01-31,2020,NSW,821
2020-01-31,2020,Vic,437
2020-01-31,2020,Qld,487
2020-01-31,2020,SA,107
2020-01-31,2020,WA,138
2020-01-31,2020,Tas,19
2020-01-31,2020,ACT,20
2020-01-31,2020,NT,26
2020-02-07,2020,NSW,723
2020-02-07,2020,Vic,374
2020-02-07,2020,Qld,425
2020-02-07,2020,SA,173
2020-02-07,2020,WA,96
2020-02-07,2020,Tas,15
2020-02-07,2020,ACT,18
2020-02-07,2020,NT,25
2020-02-14,2020,NSW,646
2020-02-14,2020,Vic,364
2020-02-14,2020,Qld,431
2020-02-14,2020,SA,133
2020-02-14,2020,WA,100
2020-02-14,2020,Tas,17
2020-02-14,2020,ACT,18
2020-02-14,2020,NT,24
2020-02-21,2020,NSW,637
2020-02-21,2020,Vic,308
2020-02-21,2020,Qld,530
2020-02-21,2020,SA,113
2020-02-21,2020,WA,96
2020-02-21,2020,Tas,7
2020-02-21,2020,ACT,9
2020-02-21,2020,NT,10
2020-02-28,2020,NSW,596
2020-02-28,2020,Vic,400
2020-02-28,2020,Qld,531
2020-02-28,2020,SA,101
2020-02-28,2020,WA,85
2020-02-28,2020,Tas,11
2020-02-28,2020,ACT,9
2020-02-28,2020,NT,7
2020-03-06,2020,NSW,544
2020-03-06,2020,Vic,374
2020-03-06,2020,Qld,756
2020-03-06,2020,SA,113
2020-03-06,2020,WA,87
2020-03-06,2020,Tas,17
2020-03-06,2020,ACT,7
2020-03-06,2020,NT,25
2020-03-13,2020,NSW,728
2020-03-13,2020,Vic,550
2020-03-13,2020,Qld,899
2020-03-13,2020,SA,152
2020-03-13,2020,WA,86
2020-03-13,2020,Tas,8
2020-03-13,2020,ACT,16
2020-03-13,2020,NT,21
2020-03-20,2020,NSW,304
2020-03-20,2020,Vic,216
2020-03-20,2020,Qld,403
2020-03-20,2020,SA,131
2020-03-20,2020,WA,31
2020-03-20,2020,Tas,6
2020-03-20,2020,ACT,8
2020-03-20,2020,NT,27
2020-03-27,2020,NSW,139
2020-03-27,2020,Vic,78
2020-03-27,2020,Qld,127
2020-03-27,2020,SA,74
2020-03-27,2020,WA,16
2020-03-27,2020,Tas,6
2020-03-27,2020,ACT,4
2020-03-27,2020,NT,19
2020-04-03,2020,NSW,28
2020-04-03,2020,Vic,28
2020-04-03,2020,Qld,34
2020-04-03,2020,SA,16
2020-04-03,2020,WA,16
2020-04-03,2020,Tas,1
2020-04-03,2020,ACT,1
2020-04-03,2020,NT,6
2020-04-10,2020,NSW,7
2020-04-10,2020,Vic,18
2020-04-10,2020,Qld,23
2020-04-10,2020,SA,2
2020-04-10,2020,WA,7
2020-04-10,2020,ACT,1
2020-04-10,2020,NT,8
2020-04-17,2020,NSW,13
2020-04-17,2020,Vic,10
2020-04-17,2020,Qld,18
2020-04-17,2020,SA,3
2020-04-17,2020,WA,6
2020-04-17,2020,ACT,3
2020-04-17,2020,NT,3
2020-04-24,2020,NSW,19
2020-04-24,2020,Vic,27
2020-04-24,2020,Qld,13
2020-04-24,2020,SA,13
2020-04-24,2020,WA,2
2020-04-24,2020,Tas,1
2020-05-01,2020,NSW,16
2020-05-01,2020,Vic,14
2020-05-01,2020,Qld,25
2020-05-01,2020,SA,10
2020-05-01,2020,WA,7
2020-05-01,2020,Tas,2
2020-05-08,2020,NSW,20
2020-05-08,2020,Vic,16
2020-05-08,2020,Qld,13
2020-05-08,2020,SA,14
2020-05-08,2020,WA,5
2020-05-08,2020,Tas,2
2020-05-15,2020,NSW,15
2020-05-15,2020,Vic,11
2020-05-15,2020,Qld,18
2020-05-15,2020,SA,9
2020-05-15,2020,WA,6
2020-05-15,2020,Tas,3
2020-05-15,2020,ACT,1
2020-05-22,2020,NSW,9
2020-05-22,2020,Vic,16
2020-05-22,2020,Qld,9
2020-05-22,2020,SA,5
2020-05-22,2020,WA,2
2020-05-22,2020,Tas,1
2020-05-22,2020,NT,1
2020-05-29,2020,NSW,10
2020-05-29,2020,Vic,9
2020-05-29,2020,Qld,16
2020-05-29,2020,SA,6
2020-05-29,2020,WA,3
2020-05-29,2020,NT,3
2020-06-05,2020,NSW,4
2020-06-05,2020,Vic,12
2020-06-05,2020,Qld,11
2020-06-05,2020,SA,11
2020-06-05,2020,WA,3
2020-06-05,2020,Tas,1
2020-06-05,2020,ACT,1
2020-06-12,2020,NSW,10
2020-06-12,2020,Vic,5
2020-06-12,2020,Qld,15
2020-06-12,2020,SA,2
2020-06-12,2020,WA,5
2020-06-12,2020,ACT,1
2020-06-19,2020,NSW,18
2020-06-19,2020,Vic,19
2020-06-19,2020,Qld,9
2020-06-19,2020,SA,3
2020-06-19,2020,WA,6
2020-06-19,2020,Tas,1
2020-06-19,2020,ACT,1
2020-06-26,2020,NSW,12
2020-06-26,2020,Vic,28
2020-06-26,2020,Qld,10
2020-06-26,2020,WA,5
2020-07-03,2020,NSW,13
2020-07-03,2020,Vic,24
2020-07-03,2020,Qld,12
2020-07-03,2020,SA,6
2020-07-03,2020,WA,5
2020-07-03,2020,Tas,1
2020-07-10,2020,NSW,8
2020-07-10,2020,Vic,14
2020-07-10,2020,Qld,14
2020-07-10,2020,SA,7
2020-07-10,2020,WA,1
2020-07-10,2020,Tas,1
2020-07-17,2020,NSW,12
2020-07-17,2020,Vic,23
2020-07-17,2020,Qld,12
2020-07-17,2020,SA,4
2020-07-17,2020,WA,3
2020-07-24,2020,NSW,13
2020-07-24,2020,Vic,15
2020-07-24,2020,Qld,9
2020-07-24,2020,SA,2
2020-07-24,2020,WA,2
2020-07-24,2020,ACT,1
2020-07-31,2020,NSW,5
2020-07-31,2020,Vic,7
2020-07-31,2020,Qld,14
2020-07-31,2020,WA,3
2020-08-07,2020,NSW,4
2020-08-07,2020,Vic,10
2020-08-07,2020,Qld,9
2020-08-07,2020,WA,2
2020-08-07,2020,ACT,1
2020-08-14,2020,NSW,8
2020-08-14,2020,Vic,17
2020-08-14,2020,Qld,12
2020-08-14,2020,WA,3
2020-08-14,2020,Tas,1
2020-08-14,2020,ACT,2
2020-08-21,2020,NSW,7
2020-08-21,2020,Vic,5
2020-08-21,2020,Qld,12
2020-08-21,2020,SA,1
2020-08-28,2020,NSW,3
2020-08-28,2020,Vic,3
2020-08-28,2020,Qld,11
2020-08-28,2020,SA,2
2020-08-28,2020,WA,1
2020-08-28,2020,NT,1
2020-09-04,2020,NSW,5
2020-09-04,2020,Qld,18
2020-09-11,2020,NSW,3
2020-09-11,2020,Vic,2
2020-09-11,2020,Qld,4
2020-09-11,2020,WA,2
2020-09-18,2020,NSW,6
2020-09-18,2020,Vic,2
2020-09-18,2020,Qld,6
2020-09-18,2020,ACT,1
2020-09-25,2020,NSW,5
2020-09-25,2020,Vic,1
2020-09-25,2020,Qld,6
2020-10-02,2020,NSW,1
2020-10-02,2020,Qld,6
2020-10-02,2020,SA,2
2020-10-02,2020,Tas,1
2020-10-09,2020,NSW,1
2020-10-09,2020,Vic,2
2020-10-09,2020,Qld,1
2020-10-09,2020,WA,1
2020-10-16,2020,NSW,1
2020-10-16,2020,Vic,2
2020-10-16,2020,Qld,1
2020-10-16,2020,SA,1
2020-10-16,2020,WA,1
2020-10-16,2020,ACT,1
2020-10-16,2020,NT,1
2020-10-23,2020,NSW,3
2020-10-23,2020,Vic,2
2020-10-23,2020,Qld,2
2020-10-23,2020,WA,1
2020-10-23,2020,Tas,1
2020-10-30,2020,NSW,1
2020-10-30,2020,Vic,2
2020-10-30,2020,Qld,5
2020-10-30,2020,NT,1
2020-11-06,2020,NSW,2
2020-11-06,2020,Qld,3
2020-11-06,2020,WA,1
2020-11-13,2020,NSW,2
2020-11-13,2020,Vic,2
2020-11-13,2020,Qld,6
2020-11-13,2020,SA,1
2020-11-13,2020,WA,1
2020-11-20,2020,NSW,3
2020-11-20,2020,Vic,2
2020-11-20,2020,Qld,5
2020-11-20,2020,SA,1
2020-11-27,2020,NSW,6
2020-11-27,2020,Vic,6
2020-11-27,2020,Qld,5
2020-11-27,2020,SA,1
2020-11-27,2020,WA,4
2020-11-27,2020,Tas,2
2020-12-04,2020,Vic,4
2020-12-04,2020,Qld,4
2020-12-04,2020,WA,1
2020-12-11,2020,NSW,2
2020-12-11,2020,Vic,7
2020-12-11,2020,Qld,2
2020-12-11,2020,WA,3
2020-12-11,2020,ACT,1
2020-12-18,2020,NSW,2
2020-12-18,2020,Vic,1
2020-12-18,2020,Qld,2
2020-12-18,2020,SA,1
2020-12-18,2020,WA,3
2020-12-18,2020,Tas,1
2020-12-18,2020,ACT,1
2020-12-25,2020,NSW,2
2020-12-25,2020,Vic,5
2020-12-25,2020,Qld,5
2020-12-25,2020,SA,2
2020-12-25,2020,WA,3
2020-12-25,2020,Tas,1
2020-12-25,2020,ACT,1
2021-01-01,2021,NSW,2
2021-01-01,2021,Vic,2
2021-01-01,2021,Qld,2
2021-01-01,2021,SA,1
2021-01-01,2021,WA,3
2021-01-01,2021,Tas,1
2021-01-08,2021,NSW,4
2021-01-08,2021,Vic,3
2021-01-08,2021,Qld,2
2021-01-08,2021,WA,1
2021-01-08,2021,Tas,2
2021-01-15,2021,NSW,2
2021-01-15,2021,Vic,4
2021-01-15,2021,Qld,6
2021-01-22,2021,Vic,5
2021-01-22,2021,Qld,9
2021-01-22,2021,SA,1
2021-01-22,2021,Tas,2
2021-01-29,2021,NSW,3
2021-01-29,2021,Vic,2
2021-01-29,2021,Qld,6
2021-01-29,2021,SA,1
2021-01-29,2021,WA,1
2021-01-29,2021,ACT,1
2021-02-05,2021,NSW,1
2021-02-05,2021,Vic,3
2021-02-05,2021,Qld,7
2021-02-05,2021,SA,1
2021-02-05,2021,WA,1
2021-02-12,2021,Vic,3
2021-02-12,2021,Qld,5
2021-02-12,2021,WA,2
2021-02-19,2021,Vic,4
2021-02-19,2021,Qld,4
2021-02-19,2021,ACT,1
2021-02-26,2021,NSW,2
2021-02-26,2021,Vic,4
2021-02-26,2021,Qld,6
2021-02-26,2021,WA,1
2021-02-26,2021,NT,1
2021-03-05,2021,Vic,4
2021-03-05,2021,Qld,6
2021-03-05,2021,SA,2
2021-03-05,2021,NT,2
2021-03-12,2021,Vic,5
2021-03-12,2021,Qld,6
2021-03-12,2021,SA,1
2021-03-12,2021,Tas,1
2021-03-12,2021,NT,1
2021-03-19,2021,NSW,1
2021-03-19,2021,Qld,4
2021-03-19,2021,SA,1
2021-03-19,2021,NT,2
2021-03-26,2021,Vic,3
2021-03-26,2021,Qld,8
2021-03-26,2021,SA,1
2021-03-26,2021,Tas,1
2021-03-26,2021,NT,1
2021-04-02,2021,NSW,1
2021-04-02,2021,Vic,3
2021-04-02,2021,Qld,7
2021-04-02,2021,WA,1
2021-04-09,2021,NSW,1
2021-04-09,2021,Vic,8
2021-04-09,2021,Qld,6
2021-04-09,2021,SA,2
2021-04-09,2021,WA,1
2021-04-09,2021,Tas,1
2021-04-16,2021,NSW,2
2021-04-16,2021,Qld,7
2021-04-23,2021,NSW,1
2021-04-23,2021,Vic,2
2021-04-23,2021,Qld,10
2021-04-23,2021,WA,1
2021-04-23,2021,Tas,2
2021-04-23,2021,NT,4
2021-04-30,2021,NSW,2
2021-04-30,2021,Vic,3
2021-04-30,2021,Qld,6
2021-04-30,2021,NT,1
2021-05-07,2021,NSW,1
2021-05-07,2021,Vic,1
2021-05-07,2021,Qld,3
2021-05-07,2021,WA,3
2021-05-07,2021,NT,1
2021-05-14,2021,NSW,5
2021-05-14,2021,Qld,7
2021-05-14,2021,WA,3
2021-05-14,2021,Tas,2
2021-05-14,2021,ACT,1
2021-05-14,2021,NT,2
2021-05-21,2021,NSW,5
2021-05-21,2021,Qld,14
2021-05-21,2021,SA,1
2021-05-21,2021,WA,1
2021-05-21,2021,Tas,1
2021-05-21,2021,NT,2
2021-05-28,2021,NSW,4
2021-05-28,2021,Qld,5
2021-05-28,2021,SA,3
2021-05-28,2021,Tas,1
2021-05-28,2021,NT,1
2021-06-04,2021,NSW,4
2021-06-04,2021,Vic,2
2021-06-04,2021,Qld,10
2021-06-11,2021,NSW,5
2021-06-11,2021,Vic,3
2021-06-11,2021,Qld,6
2021-06-11,2021,WA,1
2021-06-11,2021,Tas,2
2021-06-18,2021,NSW,2
2021-06-18,2021,Vic,1
2021-06-18,2021,Qld,5
2021-06-18,2021,WA,2
2021-06-18,2021,Tas,2
2021-06-18,2021,NT,1
2021-06-25,2021,Vic,1
2021-06-25,2021,Qld,8
2021-06-25,2021,WA,2
2021-06-25,2021,Tas,1
2021-06-25,2021,ACT,1
2021-07-02,2021,NSW,3
2021-07-02,2021,Vic,2
2021-07-02,2021,Qld,9
2021-07-02,2021,SA,1
2021-07-02,2021,WA,1
2021-07-02,2021,Tas,2
2021-07-02,2021,ACT,2
2021-07-09,2021,NSW,2
2021-07-09,2021,Vic,2
2021-07-09,2021,Qld,5
2021-07-09,2021,WA,1
2021-07-09,2021,Tas,1
2021-07-09,2021,ACT,1
2021-07-16,2021,NSW,2
2021-07-16,2021,Vic,2
2021-07-16,2021,Qld,8
2021-07-16,2021,WA,1
2021-07-16,2021,Tas,1
2021-07-23,2021,NSW,2
2021-07-23,2021,Qld,10
2021-07-23,2021,WA,1
2021-07-23,2021,Tas,3
2021-07-30,2021,NSW,5
2021-07-30,2021,Qld,3
2021-07-30,2021,Tas,1
2021-07-30,2021,ACT,1
2021-08-06,2021,NSW,1
2021-08-06,2021,Qld,4
2021-08-06,2021,SA,2
2021-08-06,2021,Tas,3
2021-08-13,2021,NSW,1
2021-08-13,2021,Vic,3
2021-08-13,2021,Qld,3
2021-08-13,2021,WA,1
2021-08-13,2021,Tas,1
2021-08-13,2021,NT,8
2021-08-20,2021,Vic,1
2021-08-20,2021,Qld,2
2021-08-20,2021,WA,1
2021-08-20,2021,NT,2
2021-08-27,2021,NSW,4
2021-08-27,2021,Qld,4
2021-08-27,2021,WA,1
2021-08-27,2021,NT,1
2021-09-03,2021,NSW,1
2021-09-03,2021,Vic,1
2021-09-03,2021,Qld,10
2021-09-03,2021,SA,3
2021-09-03,2021,Tas,3
2021-09-03,2021,NT,4
2021-09-10,2021,NSW,1
2021-09-10,2021,Qld,12
2021-09-10,2021,NT,1
2021-09-17,2021,Qld,3
2021-09-17,2021,SA,3
2021-09-17,2021,Tas,2
2021-09-17,2021,NT,5
2021-09-24,2021,NSW,2
2021-09-24,2021,Vic,2
2021-09-24,2021,Qld,7
2021-09-24,2021,NT,3
2021-10-01,2021,NSW,1
2021-10-01,2021,Vic,1
2021-10-01,2021,Qld,2
2021-10-01,2021,SA,2
2021-10-01,2021,NT,7
2021-10-08,2021,Qld,2
2021-10-08,2021,NT,1
2021-10-15,2021,Qld,5
2021-10-15,2021,SA,2
2021-10-15,2021,WA,1
2021-10-15,2021,Tas,2
2021-10-15,2021,NT,6
2021-10-22,2021,NSW,7
2021-10-22,2021,Vic,2
2021-10-22,2021,Qld,6
2021-10-22,2021,WA,1
2021-10-29,2021,NSW,1
2021-10-29,2021,Vic,1
2021-10-29,2021,Qld,3
2021-10-29,2021,WA,1
2021-10-29,2021,NT,1
2021-11-05,2021,NSW,2
2021-11-05,2021,Qld,4
2021-11-05,2021,SA,2
2021-11-05,2021,NT,3
2021-11-12,2021,NSW,5
2021-11-12,2021,Vic,3
2021-11-12,2021,Qld,7
2021-11-12,2021,SA,2
2021-11-12,2021,WA,2
2021-11-12,2021,Tas,2
2021-11-19,2021,NSW,6
2021-11-19,2021,Qld,4
2021-11-19,2021,SA,3
2021-11-19,2021,NT,1
2021-11-26,2021,NSW,3
2021-11-26,2021,Qld,4
2021-11-26,2021,SA,1
2021-11-26,2021,WA,2
2021-11-26,2021,NT,6
2021-12-03,2021,NSW,4
2021-12-03,2021,Vic,1
2021-12-03,2021,Qld,1
2021-12-03,2021,NT,8
2021-12-10,2021,NSW,11
2021-12-10,2021,Vic,1
2021-12-10,2021,Qld,3
2021-12-10,2021,WA,2
2021-12-17,2021,NSW,9
2021-12-17,2021,Vic,11
2021-12-17,2021,Qld,6
2021-12-17,2021,WA,1
2021-12-17,2021,NT,5
2021-12-24,2021,NSW,7
2021-12-24,2021,Vic,10
2021-12-24,2021,Qld,6
2021-12-24,2021,SA,1
2021-12-24,2021,WA,1
2021-12-31,2021,NSW,10
2021-12-31,2021,Vic,3
2021-12-31,2021,Qld,2
2021-12-31,2021,SA,2
2022-01-07,2022,NSW,8
2022-01-07,2022,Vic,6
2022-01-07,2022,Qld,1
2022-01-07,2022,SA,1
2022-01-07,2022,WA,1
2022-01-14,2022,Vic,2
2022-01-14,2022,Qld,1
2022-01-14,2022,SA,2
2022-01-21,2022,NSW,5
2022-01-21,2022,Vic,5
2022-01-21,2022,Qld,1
2022-01-21,2022,WA,1
2022-01-21,2022,ACT,1
2022-01-28,2022,NSW,1
2022-01-28,2022,Vic,1
2022-01-28,2022,WA,2
2022-02-04,2022,NSW,5
2022-02-11,2022,NSW,2
2022-02-11,2022,WA,2
2022-02-18,2022,NSW,5
2022-02-18,2022,Vic,2
2022-02-18,2022,SA,1
2022-02-18,2022,WA,2
2022-02-25,2022,NSW,8
2022-02-25,2022,Vic,2
2022-02-25,2022,WA,3
2022-02-25,2022,NT,1
2022-03-04,2022,NSW,25
2022-03-04,2022,Vic,1
2022-03-04,2022,Qld,2
2022-03-04,2022,SA,1
2022-03-04,2022,WA,1
2022-03-11,2022,NSW,32
2022-03-11,2022,Vic,5
2022-03-11,2022,Qld,3
2022-03-11,2022,WA,2
2022-03-18,2022,NSW,75
2022-03-18,2022,Vic,7
2022-03-18,2022,Qld,3
2022-03-18,2022,SA,1
2022-03-18,2022,WA,1
2022-03-18,2022,Tas,1
2022-03-18,2022,ACT,1
2022-03-25,2022,NSW,107
2022-03-25,2022,Vic,43
2022-03-25,2022,Qld,6
2022-03-25,2022,SA,1
2022-03-25,2022,WA,2
2022-03-25,2022,Tas,3
2022-03-25,2022,ACT,1
2022-04-01,2022,NSW,186
2022-04-01,2022,Vic,63
2022-04-01,2022,Qld,11
2022-04-01,2022,SA,8
2022-04-01,2022,WA,2
2022-04-01,2022,ACT,2
2022-04-01,2022,NT,6
2022-04-08,2022,NSW,337
2022-04-08,2022,Vic,168
2022-04-08,2022,Qld,36
2022-04-08,2022,SA,14
2022-04-08,2022,WA,1
2022-04-08,2022,Tas,3
2022-04-08,2022,ACT,7
2022-04-08,2022,NT,10
2022-04-15,2022,NSW,485
2022-04-15,2022,Vic,253
2022-04-15,2022,Qld,51
2022-04-15,2022,SA,32
2022-04-15,2022,WA,2
2022-04-15,2022,Tas,2
2022-04-15,2022,ACT,19
2022-04-15,2022,NT,5
2022-04-22,2022,NSW,672
2022-04-22,2022,Vic,408
2022-04-22,2022,Qld,218
2022-04-22,2022,SA,80
2022-04-22,2022,WA,8
2022-04-22,2022,Tas,5
2022-04-22,2022,ACT,23
2022-04-22,2022,NT,19
2022-04-29,2022,NSW,1123
2022-04-29,2022,Vic,808
2022-04-29,2022,Qld,414
2022-04-29,2022,SA,97
2022-04-29,2022,WA,8
2022-04-29,2022,Tas,5
2022-04-29,2022,ACT,74
2022-04-29,2022,NT,60
2022-05-06,2022,NSW,2284
2022-05-06,2022,Vic,1596
2022-05-06,2022,Qld,1150
2022-05-06,2022,SA,190
2022-05-06,2022,WA,21
2022-05-06,2022,Tas,19
2022-05-06,2022,ACT,219
2022-05-06,2022,NT,136
2022-05-13,2022,NSW,3794
2022-05-13,2022,Vic,3216
2022-05-13,2022,Qld,2299
2022-05-13,2022,SA,320
2022-05-13,2022,WA,40
2022-05-13,2022,Tas,22
2022-05-13,2022,ACT,149
2022-05-13,2022,NT,236
2022-05-20,2022,NSW,6359
2022-05-20,2022,Vic,5181
2022-05-20,2022,Qld,3527
2022-05-20,2022,SA,455
2022-05-20,2022,WA,103
2022-05-20,2022,Tas,35
2022-05-20,2022,ACT,168
2022-05-20,2022,NT,505
2022-05-27,2022,NSW,9754
2022-05-27,2022,Vic,6047
2022-05-27,2022,Qld,4430
2022-05-27,2022,SA,670
2022-05-27,2022,WA,169
2022-05-27,2022,Tas,121
2022-05-27,2022,ACT,181
2022-05-27,2022,NT,798
2022-06-03,2022,NSW,15060
2022-06-03,2022,Vic,5451
2022-06-03,2022,Qld,4685
2022-06-03,2022,SA,785
2022-06-03,2022,WA,318
2022-06-03,2022,Tas,206
2022-06-03,2022,ACT,128
2022-06-03,2022,NT,968
2022-06-10,2022,NSW,17601
2022-06-10,2022,Vic,4523
2022-06-10,2022,Qld,4404
2022-06-10,2022,SA,1041
2022-06-10,2022,WA,523
2022-06-10,2022,Tas,310
2022-06-10,2022,ACT,173
2022-06-10,2022,NT,853
2022-06-17,2022,NSW,18242
2022-06-17,2022,Vic,2976
2022-06-17,2022,Qld,5385
2022-06-17,2022,SA,1196
2022-06-17,2022,WA,901
2022-06-17,2022,Tas,389
2022-06-17,2022,ACT,222
2022-06-17,2022,NT,475
2022-06-24,2022,NSW,13944
2022-06-24,2022,Vic,1805
2022-06-24,2022,Qld,5052
2022-06-24,2022,SA,1348
2022-06-24,2022,WA,1063
2022-06-24,2022,Tas,513
2022-06-24,2022,ACT,176
2022-06-24,2022,NT,321
2022-07-01,2022,NSW,9686
2022-07-01,2022,Vic,936
2022-07-01,2022,Qld,3346
2022-07-01,2022,SA,1136
2022-07-01,2022,WA,1422
2022-07-01,2022,Tas,465
2022-07-01,2022,ACT,137
2022-07-01,2022,NT,176
2022-07-08,2022,NSW,5196
2022-07-08,2022,Vic,505
2022-07-08,2022,Qld,2127
2022-07-08,2022,SA,1166
2022-07-08,2022,WA,2124
2022-07-08,2022,Tas,316
2022-07-08,2022,ACT,117
2022-07-08,2022,NT,63
2022-07-15,2022,NSW,2604
2022-07-15,2022,Vic,283
2022-07-15,2022,Qld,1516
2022-07-15,2022,SA,874
2022-07-15,2022,WA,1829
2022-07-15,2022,Tas,147
2022-07-15,2022,ACT,47
2022-07-15,2022,NT,51
2022-07-22,2022,NSW,1734
2022-07-22,2022,Vic,178
2022-07-22,2022,Qld,1100
2022-07-22,2022,SA,533
2022-07-22,2022,WA,1176
2022-07-22,2022,Tas,82
2022-07-22,2022,ACT,38
2022-07-22,2022,NT,17
2022-07-29,2022,NSW,1222
2022-07-29,2022,Vic,168
2022-07-29,2022,Qld,809
2022-07-29,2022,SA,427
2022-07-29,2022,WA,838
2022-07-29,2022,Tas,39
2022-07-29,2022,ACT,25
2022-07-29,2022,NT,10
2022-08-05,2022,NSW,964
2022-08-05,2022,Vic,128
2022-08-05,2022,Qld,577
2022-08-05,2022,SA,287
2022-08-05,2022,WA,647
2022-08-05,2022,Tas,34
2022-08-05,2022,ACT,11
2022-08-05,2022,NT,4
2022-08-12,2022,NSW,594
2022-08-12,2022,Vic,71
2022-08-12,2022,Qld,352
2022-08-12,2022,SA,192
2022-08-12,2022,WA,493
2022-08-12,2022,Tas,33
2022-08-12,2022,ACT,15
2022-08-12,2022,NT,8
2022-08-19,2022,NSW,398
2022-08-19,2022,Vic,67
2022-08-19,2022,Qld,248
2022-08-19,2022,SA,128
2022-08-19,2022,WA,373
2022-08-19,2022,Tas,37
2022-08-19,2022,ACT,3
2022-08-19,2022,NT,2
2022-08-26,2022,NSW,285
2022-08-26,2022,Vic,49
2022-08-26,2022,Qld,218
2022-08-26,2022,SA,75
2022-08-26,2022,WA,254
2022-08-26,2022,Tas,19
2022-08-26,2022,ACT,2
2022-08-26,2022,NT,5
2022-09-02,2022,NSW,254
2022-09-02,2022,Vic,62
2022-09-02,2022,Qld,207
2022-09-02,2022,SA,68
2022-09-02,2022,WA,175
2022-09-02,2022,Tas,20
2022-09-02,2022,ACT,3
2022-09-02,2022,NT,2
2022-09-09,2022,NSW,162
2022-09-09,2022,Vic,48
2022-09-09,2022,Qld,162
2022-09-09,2022,SA,92
2022-09-09,2022,WA,167
2022-09-09,2022,Tas,17
2022-09-09,2022,ACT,3
2022-09-09,2022,NT,4
2022-09-16,2022,NSW,109
2022-09-16,2022,Vic,53
2022-09-16,2022,Qld,123
2022-09-16,2022,SA,91
2022-09-16,2022,WA,158
2022-09-16,2022,Tas,6
2022-09-16,2022,ACT,4
2022-09-16,2022,NT,2
2022-09-23,2022,NSW,88
2022-09-23,2022,Vic,49
2022-09-23,2022,Qld,66
2022-09-23,2022,SA,58
2022-09-23,2022,WA,74
2022-09-23,2022,Tas,13
2022-09-23,2022,ACT,2
2022-09-23,2022,NT,2
2022-09-30,2022,NSW,89
2022-09-30,2022,Vic,46
2022-09-30,2022,Qld,71
2022-09-30,2022,SA,66
2022-09-30,2022,WA,81
2022-09-30,2022,Tas,10
2022-09-30,2022,ACT,3
2022-10-07,2022,NSW,82
2022-10-07,2022,Vic,42
2022-10-07,2022,Qld,71
2022-10-07,2022,SA,55
2022-10-07,2022,WA,101
2022-10-07,2022,Tas,11
2022-10-07,2022,ACT,1
2022-10-07,2022,NT,3
2022-10-14,2022,NSW,116
2022-10-14,2022,Vic,61
2022-10-14,2022,Qld,64
2022-10-14,2022,SA,48
2022-10-14,2022,WA,70
2022-10-14,2022,Tas,7
2022-10-14,2022,ACT,1
2022-10-14,2022,NT,2
2022-10-21,2022,NSW,155
2022-10-21,2022,Vic,67
2022-10-21,2022,Qld,52
2022-10-21,2022,SA,53
2022-10-21,2022,WA,74
2022-10-21,2022,Tas,11
2022-10-21,2022,ACT,7
2022-10-21,2022,NT,4
2022-10-28,2022,NSW,133
2022-10-28,2022,Vic,71
2022-10-28,2022,Qld,47
2022-10-28,2022,SA,25
2022-10-28,2022,WA,77
2022-10-28,2022,Tas,2
2022-10-28,2022,ACT,11
2022-10-28,2022,NT,4
2022-11-04,2022,NSW,159
2022-11-04,2022,Vic,61
2022-11-04,2022,Qld,49
2022-11-04,2022,SA,29
2022-11-04,2022,WA,105
2022-11-04,2022,Tas,2
2022-11-04,2022,ACT,6
2022-11-11,2022,NSW,144
2022-11-11,2022,Vic,75
2022-11-11,2022,Qld,62
2022-11-11,2022,SA,40
2022-11-11,2022,WA,59
2022-11-11,2022,Tas,3
2022-11-11,2022,ACT,4
2022-11-11,2022,NT,1
2022-11-18,2022,NSW,172
2022-11-18,2022,Vic,64
2022-11-18,2022,Qld,150
2022-11-18,2022,SA,31
2022-11-18,2022,WA,74
2022-11-18,2022,Tas,2
2022-11-18,2022,ACT,5
2022-11-18,2022,NT,1
2022-11-25,2022,NSW,201
2022-11-25,2022,Vic,68
2022-11-25,2022,Qld,171
2022-11-25,2022,SA,39
2022-11-25,2022,WA,73
2022-11-25,2022,Tas,15
2022-11-25,2022,ACT,24
2022-11-25,2022,NT,3
2022-12-02,2022,NSW,245
2022-12-02,2022,Vic,83
2022-12-02,2022,Qld,206
2022-12-02,2022,SA,72
2022-12-02,2022,WA,86
2022-12-02,2022,Tas,17
2022-12-02,2022,ACT,17
2022-12-02,2022,NT,3
2022-12-09,2022,NSW,311
2022-12-09,2022,Vic,152
2022-12-09,2022,Qld,279
2022-12-09,2022,SA,69
2022-12-09,2022,WA,93
2022-12-09,2022,Tas,10
2022-12-09,2022,ACT,19
2022-12-09,2022,NT,8
2022-12-16,2022,NSW,404
2022-12-16,2022,Vic,183
2022-12-16,2022,Qld,261
2022-12-16,2022,SA,61
2022-12-16,2022,WA,101
2022-12-16,2022,Tas,7
2022-12-16,2022,ACT,24
2022-12-16,2022,NT,8
2022-12-23,2022,NSW,384
2022-12-23,2022,Vic,252
2022-12-23,2022,Qld,252
2022-12-23,2022,SA,84
2022-12-23,2022,WA,99
2022-12-23,2022,Tas,13
2022-12-23,2022,ACT,29
2022-12-23,2022,NT,9
2022-12-30,2022,NSW,335
2022-12-30,2022,Vic,195
2022-12-30,2022,Qld,146
2022-12-30,2022,SA,43
2022-12-30,2022,WA,60
2022-12-30,2022,Tas,9
2022-12-30,2022,ACT,10
2022-12-30,2022,NT,9
2023-01-06,2023,NSW,394
2023-01-06,2023,Vic,180
2023-01-06,2023,Qld,221
2023-01-06,2023,SA,39
2023-01-06,2023,WA,69
2023-01-06,2023,Tas,2
2023-01-06,2023,ACT,9
2023-01-06,2023,NT,30
2023-01-13,2023,NSW,459
2023-01-13,2023,Vic,173
2023-01-13,2023,Qld,248
2023-01-13,2023,SA,59
2023-01-13,2023,WA,84
2023-01-13,2023,Tas,8
2023-01-13,2023,ACT,7
2023-01-13,2023,NT,44
2023-01-20,2023,NSW,298
2023-01-20,2023,Vic,158
2023-01-20,2023,Qld,204
2023-01-20,2023,SA,61
2023-01-20,2023,WA,78
2023-01-20,2023,Tas,5
2023-01-20,2023,ACT,9
2023-01-20,2023,NT,34
2023-01-27,2023,NSW,319
2023-01-27,2023,Vic,119
2023-01-27,2023,Qld,160
2023-01-27,2023,SA,39
2023-01-27,2023,WA,77
2023-01-27,2023,Tas,3
2023-01-27,2023,ACT,4
2023-01-27,2023,NT,59
2023-02-03,2023,NSW,311
2023-02-03,2023,Vic,154
2023-02-03,2023,Qld,189
2023-02-03,2023,SA,38
2023-02-03,2023,WA,93
2023-02-03,2023,Tas,6
2023-02-03,2023,ACT,11
2023-02-03,2023,NT,63
2023-02-10,2023,NSW,314
2023-02-10,2023,Vic,195
2023-02-10,2023,Qld,226
2023-02-10,2023,SA,58
2023-02-10,2023,WA,133
2023-02-10,2023,Tas,6
2023-02-10,2023,ACT,10
2023-02-10,2023,NT,74
2023-02-17,2023,NSW,298
2023-02-17,2023,Vic,253
2023-02-17,2023,Qld,288
2023-02-17,2023,SA,50
2023-02-17,2023,WA,129
2023-02-17,2023,Tas,4
2023-02-17,2023,ACT,9
2023-02-17,2023,NT,92
2023-02-24,2023,NSW,376
2023-02-24,2023,Vic,289
2023-02-24,2023,Qld,310
2023-02-24,2023,SA,84
2023-02-24,2023,WA,114
2023-02-24,2023,Tas,8
2023-02-24,2023,ACT,12
2023-02-24,2023,NT,90
2023-03-03,2023,NSW,464
2023-03-03,2023,Vic,239
2023-03-03,2023,Qld,432
2023-03-03,2023,SA,79
2023-03-03,2023,WA,113
2023-03-03,2023,Tas,12
2023-03-03,2023,ACT,14
2023-03-03,2023,NT,92
2023-03-10,2023,NSW,610
2023-03-10,2023,Vic,320
2023-03-10,2023,Qld,491
2023-03-10,2023,SA,91
2023-03-10,2023,WA,121
2023-03-10,2023,Tas,11
2023-03-10,2023,ACT,8
2023-03-10,2023,NT,78
2023-03-17,2023,NSW,591
2023-03-17,2023,Vic,385
2023-03-17,2023,Qld,655
2023-03-17,2023,SA,145
2023-03-17,2023,WA,143
2023-03-17,2023,Tas,14
2023-03-17,2023,ACT,7
2023-03-17,2023,NT,67
2023-03-24,2023,NSW,717
2023-03-24,2023,Vic,513
2023-03-24,2023,Qld,788
2023-03-24,2023,SA,129
2023-03-24,2023,WA,183
2023-03-24,2023,Tas,16
2023-03-24,2023,ACT,11
2023-03-24,2023,NT,72
2023-03-31,2023,NSW,950
2023-03-31,2023,Vic,593
2023-03-31,2023,Qld,1016
2023-03-31,2023,SA,199
2023-03-31,2023,WA,230
2023-03-31,2023,Tas,22
2023-03-31,2023,ACT,4
2023-03-31,2023,NT,100
2023-04-07,2023,NSW,1078
2023-04-07,2023,Vic,793
2023-04-07,2023,Qld,1050
2023-04-07,2023,SA,227
2023-04-07,2023,WA,183
2023-04-07,2023,Tas,38
2023-04-07,2023,ACT,22
2023-04-07,2023,NT,79
2023-04-14,2023,NSW,1188
2023-04-14,2023,Vic,769
2023-04-14,2023,Qld,883
2023-04-14,2023,SA,247
2023-04-14,2023,WA,216
2023-04-14,2023,Tas,41
2023-04-14,2023,ACT,21
2023-04-14,2023,NT,74
2023-04-21,2023,NSW,1072
2023-04-21,2023,Vic,566
2023-04-21,2023,Qld,1022
2023-04-21,2023,SA,306
2023-04-21,2023,WA,250
2023-04-21,2023,Tas,41
2023-04-21,2023,ACT,20
2023-04-21,2023,NT,55
2023-04-28,2023,NSW,868
2023-04-28,2023,Vic,512
2023-04-28,2023,Qld,923
2023-04-28,2023,SA,269
2023-04-28,2023,WA,427
2023-04-28,2023,Tas,18
2023-04-28,2023,ACT,25
2023-04-28,2023,NT,48
2023-05-05,2023,NSW,960
2023-05-05,2023,Vic,498
2023-05-05,2023,Qld,1229
2023-05-05,2023,SA,242
2023-05-05,2023,WA,336
2023-05-05,2023,Tas,23
2023-05-05,2023,ACT,20
2023-05-05,2023,NT,50
2023-05-12,2023,NSW,1255
2023-05-12,2023,Vic,756
2023-05-12,2023,Qld,1596
2023-05-12,2023,SA,315
2023-05-12,2023,WA,472
2023-05-12,2023,Tas,28
2023-05-12,2023,ACT,58
2023-05-12,2023,NT,68
2023-05-19,2023,NSW,2103
2023-05-19,2023,Vic,1316
2023-05-19,2023,Qld,2420
2023-05-19,2023,SA,535
2023-05-19,2023,WA,672
2023-05-19,2023,Tas,70
2023-05-19,2023,ACT,97
2023-05-19,2023,NT,87
2023-05-26,2023,NSW,2842
2023-05-26,2023,Vic,1763
2023-05-26,2023,Qld,3405
2023-05-26,2023,SA,690
2023-05-26,2023,WA,864
2023-05-26,2023,Tas,96
2023-05-26,2023,ACT,116
2023-05-26,2023,NT,70
2023-06-02,2023,NSW,4015
2023-06-02,2023,Vic,2369
2023-06-02,2023,Qld,4468
2023-06-02,2023,SA,820
2023-06-02,2023,WA,1329
2023-06-02,2023,Tas,146
2023-06-02,2023,ACT,162
2023-06-02,2023,NT,71
2023-06-09,2023,NSW,4708
2023-06-09,2023,Vic,2750
2023-06-09,2023,Qld,5376
2023-06-09,2023,SA,925
2023-06-09,2023,WA,1358
2023-06-09,2023,Tas,153
2023-06-09,2023,ACT,160
2023-06-09,2023,NT,63
2023-06-16,2023,NSW,4529
2023-06-16,2023,Vic,2626
2023-06-16,2023,Qld,4991
2023-06-16,2023,SA,738
2023-06-16,2023,WA,1609
2023-06-16,2023,Tas,182
2023-06-16,2023,ACT,150
2023-06-16,2023,NT,53
2023-06-23,2023,NSW,5384
2023-06-23,2023,Vic,2473
2023-06-23,2023,Qld,5195
2023-06-23,2023,SA,748
2023-06-23,2023,WA,1565
2023-06-23,2023,Tas,237
2023-06-23,2023,ACT,148
2023-06-23,2023,NT,57
2023-06-30,2023,NSW,7330
2023-06-30,2023,Vic,2610
2023-06-30,2023,Qld,5363
2023-06-30,2023,SA,842
2023-06-30,2023,WA,1469
2023-06-30,2023,Tas,313
2023-06-30,2023,ACT,216
2023-06-30,2023,NT,40
2023-07-07,2023,NSW,7962
2023-07-07,2023,Vic,2213
2023-07-07,2023,Qld,4424
2023-07-07,2023,SA,932
2023-07-07,2023,WA,1452
2023-07-07,2023,Tas,373
2023-07-07,2023,ACT,238
2023-07-07,2023,NT,32
2023-07-14,2023,NSW,6387
2023-07-14,2023,Vic,1771
2023-07-14,2023,Qld,3558
2023-07-14,2023,SA,897
2023-07-14,2023,WA,932
2023-07-14,2023,Tas,254
2023-07-14,2023,ACT,221
2023-07-14,2023,NT,31
2023-07-21,2023,NSW,4764
2023-07-21,2023,Vic,1601
2023-07-21,2023,Qld,3185
2023-07-21,2023,SA,689
2023-07-21,2023,WA,558
2023-07-21,2023,Tas,241
2023-07-21,2023,ACT,176
2023-07-21,2023,NT,23
2023-07-28,2023,NSW,4176
2023-07-28,2023,Vic,1969
2023-07-28,2023,Qld,2699
2023-07-28,2023,SA,629
2023-07-28,2023,WA,482
2023-07-28,2023,Tas,146
2023-07-28,2023,ACT,149
2023-07-28,2023,NT,7
2023-08-04,2023,NSW,3895
2023-08-04,2023,Vic,1978
2023-08-04,2023,Qld,2346
2023-08-04,2023,SA,640
2023-08-04,2023,WA,476
2023-08-04,2023,Tas,106
2023-08-04,2023,ACT,185
2023-08-04,2023,NT,29
2023-08-11,2023,NSW,3289
2023-08-11,2023,Vic,1757
2023-08-11,2023,Qld,1777
2023-08-11,2023,SA,572
2023-08-11,2023,WA,498
2023-08-11,2023,Tas,86
2023-08-11,2023,ACT,159
2023-08-11,2023,NT,16
2023-08-18,2023,NSW,2921
2023-08-18,2023,Vic,1757
2023-08-18,2023,Qld,1394
2023-08-18,2023,SA,584
2023-08-18,2023,WA,490
2023-08-18,2023,Tas,57
2023-08-18,2023,ACT,170
2023-08-18,2023,NT,16
2023-08-25,2023,NSW,2570
2023-08-25,2023,Vic,2098
2023-08-25,2023,Qld,1315
2023-08-25,2023,SA,599
2023-08-25,2023,WA,475
2023-08-25,2023,Tas,64
2023-08-25,2023,ACT,162
2023-08-25,2023,NT,20
2023-09-01,2023,NSW,2156
2023-09-01,2023,Vic,1855
2023-09-01,2023,Qld,1032
2023-09-01,2023,SA,600
2023-09-01,2023,WA,406
2023-09-01,2023,Tas,62
2023-09-01,2023,ACT,103
2023-09-01,2023,NT,25
2023-09-08,2023,NSW,1776
2023-09-08,2023,Vic,1504
2023-09-08,2023,Qld,765
2023-09-08,2023,SA,596
2023-09-08,2023,WA,311
2023-09-08,2023,Tas,53
2023-09-08,2023,ACT,123
2023-09-08,2023,NT,39
2023-09-15,2023,NSW,1617
2023-09-15,2023,Vic,1514
2023-09-15,2023,Qld,624
2023-09-15,2023,SA,685
2023-09-15,2023,WA,277
2023-09-15,2023,Tas,49
2023-09-15,2023,ACT,134
2023-09-15,2023,NT,46
2023-09-22,2023,NSW,1724
2023-09-22,2023,Vic,1252
2023-09-22,2023,Qld,510
2023-09-22,2023,SA,734
2023-09-22,2023,WA,223
2023-09-22,2023,Tas,53
2023-09-22,2023,ACT,109
2023-09-22,2023,NT,33
2023-09-29,2023,NSW,1704
2023-09-29,2023,Vic,847
2023-09-29,2023,Qld,368
2023-09-29,2023,SA,669
2023-09-29,2023,WA,200
2023-09-29,2023,Tas,54
2023-09-29,2023,ACT,75
2023-09-29,2023,NT,31
2023-10-06,2023,NSW,1279
2023-10-06,2023,Vic,791
2023-10-06,2023,Qld,440
2023-10-06,2023,SA,576
2023-10-06,2023,WA,135
2023-10-06,2023,Tas,47
2023-10-06,2023,ACT,48
2023-10-06,2023,NT,26
2023-10-13,2023,NSW,1164
2023-10-13,2023,Vic,905
2023-10-13,2023,Qld,398
2023-10-13,2023,SA,561
2023-10-13,2023,WA,140
2023-10-13,2023,Tas,19
2023-10-13,2023,ACT,47
2023-10-13,2023,NT,30
2023-10-20,2023,NSW,1183
2023-10-20,2023,Vic,866
2023-10-20,2023,Qld,368
2023-10-20,2023,SA,439
2023-10-20,2023,WA,133
2023-10-20,2023,Tas,34
2023-10-20,2023,ACT,50
2023-10-20,2023,NT,42
2023-10-27,2023,NSW,1208
2023-10-27,2023,Vic,771
2023-10-27,2023,Qld,321
2023-10-27,2023,SA,423
2023-10-27,2023,WA,157
2023-10-27,2023,Tas,39
2023-10-27,2023,ACT,42
2023-10-27,2023,NT,42
2023-11-03,2023,NSW,1395
2023-11-03,2023,Vic,846
2023-11-03,2023,Qld,324
2023-11-03,2023,SA,542
2023-11-03,2023,WA,172
2023-11-03,2023,Tas,50
2023-11-03,2023,ACT,77
2023-11-03,2023,NT,78
2023-11-10,2023,NSW,1456
2023-11-10,2023,Vic,729
2023-11-10,2023,Qld,347
2023-11-10,2023,SA,604
2023-11-10,2023,WA,198
2023-11-10,2023,Tas,40
2023-11-10,2023,ACT,51
2023-11-10,2023,NT,119
2023-11-17,2023,NSW,1249
2023-11-17,2023,Vic,646
2023-11-17,2023,Qld,396
2023-11-17,2023,SA,480
2023-11-17,2023,WA,166
2023-11-17,2023,Tas,24
2023-11-17,2023,ACT,65
2023-11-17,2023,NT,162
2023-11-24,2023,NSW,1150
2023-11-24,2023,Vic,697
2023-11-24,2023,Qld,385
2023-11-24,2023,SA,382
2023-11-24,2023,WA,147
2023-11-24,2023,Tas,19
2023-11-24,2023,ACT,43
2023-11-24,2023,NT,60
2023-12-01,2023,NSW,1276
2023-12-01,2023,Vic,739
2023-12-01,2023,Qld,1012
2023-12-01,2023,SA,378
2023-12-01,2023,WA,177
2023-12-01,2023,Tas,25
2023-12-01,2023,ACT,77
2023-12-01,2023,NT,44
2023-12-08,2023,NSW,1535
2023-12-08,2023,Vic,1112
2023-12-08,2023,Qld,1106
2023-12-08,2023,SA,433
2023-12-08,2023,WA,198
2023-12-08,2023,Tas,43
2023-12-08,2023,ACT,92
2023-12-08,2023,NT,45
2023-12-15,2023,NSW,1452
2023-12-15,2023,Vic,1020
2023-12-15,2023,Qld,998
2023-12-15,2023,SA,337
2023-12-15,2023,WA,194
2023-12-15,2023,Tas,40
2023-12-15,2023,ACT,86
2023-12-15,2023,NT,31
2023-12-22,2023,NSW,1117
2023-12-22,2023,Vic,903
2023-12-22,2023,Qld,640
2023-12-22,2023,SA,239
2023-12-22,2023,WA,170
2023-12-22,2023,Tas,42
2023-12-22,2023,ACT,73
2023-12-22,2023,NT,24
2023-12-29,2023,NSW,703
2023-12-29,2023,Vic,545
2023-12-29,2023,Qld,426
2023-12-29,2023,SA,150
2023-12-29,2023,WA,91
2023-12-29,2023,Tas,34
2023-12-29,2023,ACT,19
2023-12-29,2023,NT,14
2024-01-05,2024,NSW,827
2024-01-05,2024,Vic,544
2024-01-05,2024,Qld,383
2024-01-05,2024,SA,179
2024-01-05,2024,WA,98
2024-01-05,2024,Tas,35
2024-01-05,2024,ACT,35
2024-01-05,2024,NT,8
2024-01-12,2024,NSW,1089
2024-01-12,2024,Vic,555
2024-01-12,2024,Qld,453
2024-01-12,2024,SA,140
2024-01-12,2024,WA,156
2024-01-12,2024,Tas,15
2024-01-12,2024,ACT,47
2024-01-12,2024,NT,12
2024-01-19,2024,NSW,906
2024-01-19,2024,Vic,396
2024-01-19,2024,Qld,485
2024-01-19,2024,SA,103
2024-01-19,2024,WA,126
2024-01-19,2024,Tas,25
2024-01-19,2024,ACT,24
2024-01-19,2024,NT,18
2024-01-26,2024,NSW,824
2024-01-26,2024,Vic,344
2024-01-26,2024,Qld,499
2024-01-26,2024,SA,134
2024-01-26,2024,WA,113
2024-01-26,2024,Tas,14
2024-01-26,2024,ACT,17
2024-01-26,2024,NT,10
2024-02-02,2024,NSW,871
2024-02-02,2024,Vic,380
2024-02-02,2024,Qld,557
2024-02-02,2024,SA,121
2024-02-02,2024,WA,135
2024-02-02,2024,Tas,11
2024-02-02,2024,ACT,22
2024-02-02,2024,NT,9
2024-02-09,2024,NSW,686
2024-02-09,2024,Vic,396
2024-02-09,2024,Qld,535
2024-02-09,2024,SA,97
2024-02-09,2024,WA,110
2024-02-09,2024,Tas,13
2024-02-09,2024,ACT,28
2024-02-09,2024,NT,12
2024-02-16,2024,NSW,756
2024-02-16,2024,Vic,373
2024-02-16,2024,Qld,494
2024-02-16,2024,SA,81
2024-02-16,2024,WA,117
2024-02-16,2024,Tas,13
2024-02-16,2024,ACT,29
2024-02-16,2024,NT,6
2024-02-23,2024,NSW,847
2024-02-23,2024,Vic,397
2024-02-23,2024,Qld,551
2024-02-23,2024,SA,103
2024-02-23,2024,WA,131
2024-02-23,2024,Tas,14
2024-02-23,2024,ACT,61
2024-02-23,2024,NT,16
2024-03-01,2024,NSW,1046
2024-03-01,2024,Vic,459
2024-03-01,2024,Qld,650
2024-03-01,2024,SA,137
2024-03-01,2024,WA,141
2024-03-01,2024,Tas,15
2024-03-01,2024,ACT,49
2024-03-01,2024,NT,17
2024-03-08,2024,NSW,1097
2024-03-08,2024,Vic,412
2024-03-08,2024,Qld,749
2024-03-08,2024,SA,184
2024-03-08,2024,WA,161
2024-03-08,2024,Tas,17
2024-03-08,2024,ACT,26
2024-03-08,2024,NT,28
2024-03-15,2024,NSW,1120
2024-03-15,2024,Vic,431
2024-03-15,2024,Qld,967
2024-03-15,2024,SA,184
2024-03-15,2024,WA,156
2024-03-15,2024,Tas,17
2024-03-15,2024,ACT,32
2024-03-15,2024,NT,37
2024-03-22,2024,NSW,1093
2024-03-22,2024,Vic,430
2024-03-22,2024,Qld,899
2024-03-22,2024,SA,158
2024-03-22,2024,WA,160
2024-03-22,2024,Tas,18
2024-03-22,2024,ACT,33
2024-03-22,2024,NT,48
2024-03-29,2024,NSW,1162
2024-03-29,2024,Vic,385
2024-03-29,2024,Qld,867
2024-03-29,2024,SA,145
2024-03-29,2024,WA,158
2024-03-29,2024,Tas,28
2024-03-29,2024,ACT,21
2024-03-29,2024,NT,47
2024-04-05,2024,NSW,1111
2024-04-05,2024,Vic,447
2024-04-05,2024,Qld,1042
2024-04-05,2024,SA,134
2024-04-05,2024,WA,145
2024-04-05,2024,Tas,40
2024-04-05,2024,ACT,20
2024-04-05,2024,NT,71
2024-04-12,2024,NSW,1281
2024-04-12,2024,Vic,476
2024-04-12,2024,Qld,914
2024-04-12,2024,SA,128
2024-04-12,2024,WA,112
2024-04-12,2024,Tas,40
2024-04-12,2024,ACT,29
2024-04-12,2024,NT,218
2024-04-19,2024,NSW,1567
2024-04-19,2024,Vic,453
2024-04-19,2024,Qld,772
2024-04-19,2024,SA,175
2024-04-19,2024,WA,127
2024-04-19,2024,Tas,25
2024-04-19,2024,ACT,17
2024-04-19,2024,NT,225
2024-04-26,2024,NSW,1145
2024-04-26,2024,Vic,552
2024-04-26,2024,Qld,681
2024-04-26,2024,SA,142
2024-04-26,2024,WA,121
2024-04-26,2024,Tas,42
2024-04-26,2024,ACT,14
2024-04-26,2024,NT,177
2024-05-03,2024,NSW,1541
2024-05-03,2024,Vic,741
2024-05-03,2024,Qld,664
2024-05-03,2024,SA,188
2024-05-03,2024,WA,179
2024-05-03,2024,Tas,39
2024-05-03,2024,ACT,27
2024-05-03,2024,NT,196
2024-05-10,2024,NSW,2015
2024-05-10,2024,Vic,1093
2024-05-10,2024,Qld,663
2024-05-10,2024,SA,271
2024-05-10,2024,WA,157
2024-05-10,2024,Tas,24
2024-05-10,2024,ACT,26
2024-05-10,2024,NT,217
2024-05-17,2024,NSW,3195
2024-05-17,2024,Vic,1359
2024-05-17,2024,Qld,773
2024-05-17,2024,SA,264
2024-05-17,2024,WA,195
2024-05-17,2024,Tas,56
2024-05-17,2024,ACT,55
2024-05-17,2024,NT,203
2024-05-24,2024,NSW,4090
2024-05-24,2024,Vic,1698
2024-05-24,2024,Qld,876
2024-05-24,2024,SA,306
2024-05-24,2024,WA,209
2024-05-24,2024,Tas,56
2024-05-24,2024,ACT,99
2024-05-24,2024,NT,178
2024-05-31,2024,NSW,5262
2024-05-31,2024,Vic,2238
2024-05-31,2024,Qld,1141
2024-05-31,2024,SA,409
2024-05-31,2024,WA,226
2024-05-31,2024,Tas,65
2024-05-31,2024,ACT,97
2024-05-31,2024,NT,111
2024-06-07,2024,NSW,6601
2024-06-07,2024,Vic,2625
2024-06-07,2024,Qld,1384
2024-06-07,2024,SA,522
2024-06-07,2024,WA,226
2024-06-07,2024,Tas,80
2024-06-07,2024,ACT,164
2024-06-07,2024,NT,77
2024-06-14,2024,NSW,8924
2024-06-14,2024,Vic,2512
2024-06-14,2024,Qld,1755
2024-06-14,2024,SA,515
2024-06-14,2024,WA,288
2024-06-14,2024,Tas,84
2024-06-14,2024,ACT,152
2024-06-14,2024,NT,40
2024-06-21,2024,NSW,12472
2024-06-21,2024,Vic,3090
2024-06-21,2024,Qld,2499
2024-06-21,2024,SA,611
2024-06-21,2024,WA,324
2024-06-21,2024,Tas,98
2024-06-21,2024,ACT,165
2024-06-21,2024,NT,39
2024-06-28,2024,NSW,16679
2024-06-28,2024,Vic,4603
2024-06-28,2024,Qld,3314
2024-06-28,2024,SA,915
2024-06-28,2024,WA,498
2024-06-28,2024,Tas,135
2024-06-28,2024,ACT,278
2024-06-28,2024,NT,23
2024-07-05,2024,NSW,17790
2024-07-05,2024,Vic,4725
2024-07-05,2024,Qld,3112
2024-07-05,2024,SA,1307
2024-07-05,2024,WA,743
2024-07-05,2024,Tas,238
2024-07-05,2024,ACT,390
2024-07-05,2024,NT,29
2024-07-12,2024,NSW,14322
2024-07-12,2024,Vic,4776
2024-07-12,2024,Qld,3318
2024-07-12,2024,SA,1415
2024-07-12,2024,WA,799
2024-07-12,2024,Tas,377
2024-07-12,2024,ACT,404
2024-07-12,2024,NT,23
2024-07-19,2024,NSW,10261
2024-07-19,2024,Vic,4236
2024-07-19,2024,Qld,3960
2024-07-19,2024,SA,1349
2024-07-19,2024,WA,848
2024-07-19,2024,Tas,379
2024-07-19,2024,ACT,371
2024-07-19,2024,NT,43
2024-07-26,2024,NSW,8266
2024-07-26,2024,Vic,3989
2024-07-26,2024,Qld,6386
2024-07-26,2024,SA,1431
2024-07-26,2024,WA,921
2024-07-26,2024,Tas,277
2024-07-26,2024,ACT,322
2024-07-26,2024,NT,68
2024-08-02,2024,NSW,6561
2024-08-02,2024,Vic,3872
2024-08-02,2024,Qld,7088
2024-08-02,2024,SA,1288
2024-08-02,2024,WA,1073
2024-08-02,2024,Tas,204
2024-08-02,2024,ACT,283
2024-08-02,2024,NT,95
2024-08-09,2024,NSW,5594
2024-08-09,2024,Vic,4334
2024-08-09,2024,Qld,8375
2024-08-09,2024,SA,1679
2024-08-09,2024,WA,1227
2024-08-09,2024,Tas,247
2024-08-09,2024,ACT,318
2024-08-09,2024,NT,105
2024-08-16,2024,NSW,4548
2024-08-16,2024,Vic,3972
2024-08-16,2024,Qld,5904
2024-08-16,2024,SA,1530
2024-08-16,2024,WA,1114
2024-08-16,2024,Tas,207
2024-08-16,2024,ACT,355
2024-08-16,2024,NT,108
2024-08-23,2024,NSW,3399
2024-08-23,2024,Vic,2689
2024-08-23,2024,Qld,4873
2024-08-23,2024,SA,1190
2024-08-23,2024,WA,992
2024-08-23,2024,Tas,208
2024-08-23,2024,ACT,193
2024-08-23,2024,NT,120
2024-08-30,2024,NSW,2084
2024-08-30,2024,Vic,2107
2024-08-30,2024,Qld,3332
2024-08-30,2024,SA,840
2024-08-30,2024,WA,827
2024-08-30,2024,Tas,189
2024-08-30,2024,ACT,107
2024-08-30,2024,NT,141
2024-09-06,2024,NSW,1445
2024-09-06,2024,Vic,1447
2024-09-06,2024,Qld,2212
2024-09-06,2024,SA,634
2024-09-06,2024,WA,674
2024-09-06,2024,Tas,128
2024-09-06,2024,ACT,83
2024-09-06,2024,NT,144
2024-09-13,2024,NSW,1026
2024-09-13,2024,Vic,1173
2024-09-13,2024,Qld,1470
2024-09-13,2024,SA,587
2024-09-13,2024,WA,511
2024-09-13,2024,Tas,71
2024-09-13,2024,ACT,52
2024-09-13,2024,NT,95
2024-09-20,2024,NSW,860
2024-09-20,2024,Vic,886
2024-09-20,2024,Qld,926
2024-09-20,2024,SA,492
2024-09-20,2024,WA,458
2024-09-20,2024,Tas,43
2024-09-20,2024,ACT,60
2024-09-20,2024,NT,66
2024-09-27,2024,NSW,956
2024-09-27,2024,Vic,724
2024-09-27,2024,Qld,607
2024-09-27,2024,SA,484
2024-09-27,2024,WA,409
2024-09-27,2024,Tas,44
2024-09-27,2024,ACT,74
2024-09-27,2024,NT,48
2024-10-04,2024,NSW,744
2024-10-04,2024,Vic,550
2024-10-04,2024,Qld,412
2024-10-04,2024,SA,335
2024-10-04,2024,WA,336
2024-10-04,2024,Tas,35
2024-10-04,2024,ACT,56
2024-10-04,2024,NT,45
2024-10-11,2024,NSW,427
2024-10-11,2024,Vic,381
2024-10-11,2024,Qld,232
2024-10-11,2024,SA,208
2024-10-11,2024,WA,217
2024-10-11,2024,Tas,68
2024-10-11,2024,ACT,27
2024-10-11,2024,NT,23
2024-10-18,2024,NSW,408
2024-10-18,2024,Vic,386
2024-10-18,2024,Qld,251
2024-10-18,2024,SA,191
2024-10-18,2024,WA,145
2024-10-18,2024,Tas,40
2024-10-18,2024,ACT,24
2024-10-18,2024,NT,25
2024-10-25,2024,NSW,386
2024-10-25,2024,Vic,307
2024-10-25,2024,Qld,327
2024-10-25,2024,SA,156
2024-10-25,2024,WA,118
2024-10-25,2024,Tas,34
2024-10-25,2024,ACT,19
2024-10-25,2024,NT,11
2024-11-01,2024,NSW,442
2024-11-01,2024,Vic,370
2024-11-01,2024,Qld,233
2024-11-01,2024,SA,152
2024-11-01,2024,WA,132
2024-11-01,2024,Tas,35
2024-11-01,2024,ACT,20
2024-11-01,2024,NT,12
2024-11-08,2024,NSW,467
2024-11-08,2024,Vic,344
2024-11-08,2024,Qld,199
2024-11-08,2024,SA,189
2024-11-08,2024,WA,108
2024-11-08,2024,Tas,45
2024-11-08,2024,ACT,28
2024-11-08,2024,NT,5
2024-11-15,2024,NSW,419
2024-11-15,2024,Vic,420
2024-11-15,2024,Qld,192
2024-11-15,2024,SA,155
2024-11-15,2024,WA,133
2024-11-15,2024,Tas,28
2024-11-15,2024,ACT,18
2024-11-15,2024,NT,3
2024-11-22,2024,NSW,450
2024-11-22,2024,Vic,489
2024-11-22,2024,Qld,240
2024-11-22,2024,SA,142
2024-11-22,2024,WA,96
2024-11-22,2024,Tas,19
2024-11-22,2024,ACT,5
2024-11-22,2024,NT,1
2024-11-29,2024,NSW,433
2024-11-29,2024,Vic,545
2024-11-29,2024,Qld,228
2024-11-29,2024,SA,183
2024-11-29,2024,WA,109
2024-11-29,2024,Tas,21
2024-11-29,2024,ACT,6
2024-11-29,2024,NT,2
2024-12-06,2024,NSW,440
2024-12-06,2024,Vic,544
2024-12-06,2024,Qld,254
2024-12-06,2024,SA,127
2024-12-06,2024,WA,119
2024-12-06,2024,Tas,18
2024-12-06,2024,ACT,12
2024-12-06,2024,NT,6
2024-12-13,2024,NSW,439
2024-12-13,2024,Vic,488
2024-12-13,2024,Qld,318
2024-12-13,2024,SA,144
2024-12-13,2024,WA,133
2024-12-13,2024,Tas,16
2024-12-13,2024,ACT,12
2024-12-13,2024,NT,23
2024-12-20,2024,NSW,508
2024-12-20,2024,Vic,516
2024-12-20,2024,Qld,371
2024-12-20,2024,SA,106
2024-12-20,2024,WA,130
2024-12-20,2024,Tas,33
2024-12-20,2024,ACT,12
2024-12-20,2024,NT,10
2024-12-27,2024,NSW,443
2024-12-27,2024,Vic,332
2024-12-27,2024,Qld,259
2024-12-27,2024,SA,76
2024-12-27,2024,WA,102
2024-12-27,2024,Tas,29
2024-12-27,2024,ACT,12
2024-12-27,2024,NT,5
